Key,zh-cn,en-us
_C23F667A,输入IO点_0,InputIo_0
_FBF7BDF4,输入IO点_1,InputIo_1
_8C30000E,输入IO点_2,InputIo_2
_6E035BFA,输入IO点_3,InputIo_3
_D9EF80FF,输入IO点_4,InputIo_4
_39031A01,输入IO点_5,InputIo_5
_4699631D,输入IO点_6,InputIo_6
_914A35F5,输入IO点_7,InputIo_7
_ADBCFB95,输入IO点_8,InputIo_8
_8A1405C8,输入IO点_9,InputIo_9
_E9895054,输入IO点_10,InputIo_10
_F32B51F8,输入IO点_11,InputIo_11
_F454C45F,输入IO点_12,InputIo_12
_F0E0E324,输入IO点_13,InputIo_13
_25DDC8AC,输入IO点_14,InputIo_14
_ED60C078,输入IO点_15,InputIo_15
_F6BE5185,输入IO点_16,InputIo_16
_5F4369DE,输入IO点_17,InputIo_17
_44E4187B,输入IO点_18,InputIo_18
_6AFA07CB,输入IO点_19,InputIo_19
_62F9B60C,输入IO点_20,InputIo_20
_F3B497C8,输入IO点_21,InputIo_21
_592D10EC,输入IO点_22,InputIo_22
_DA05AEC2,输入IO点_23,InputIo_23
_E138A5B7,输入IO点_24,InputIo_24
_6A4F7AFB,输入IO点_25,InputIo_25
_24F21FC2,输入IO点_26,InputIo_26
_041F5595,输入IO点_27,InputIo_27
_180211FB,输入IO点_28,InputIo_28
_EE919D88,输入IO点_29,InputIo_29
_75A90D98,输入IO点_30,InputIo_30
_5B9809B3,输入IO点_31,InputIo_31
_3D368701,输入IO点_32,InputIo_32
_B38C1AFC,输入IO点_33,InputIo_33
_2AE69227,输入IO点_34,InputIo_34
_EFA98041,输入IO点_35,InputIo_35
_1401A526,输入IO点_36,InputIo_36
_333CC90A,输入IO点_37,InputIo_37
_B275DBDD,输入IO点_38,InputIo_38
_1C380336,输入IO点_39,InputIo_39
_A13E0AB9,输入IO点_40,InputIo_40
_6DB28ADB,输入IO点_41,InputIo_41
_0D609336,输入IO点_42,InputIo_42
_6404F257,输入IO点_43,InputIo_43
_BD1BD1ED,输入IO点_44,InputIo_44
_D5166495,输入IO点_45,InputIo_45
_EB617338,输入IO点_46,InputIo_46
_E6DC3F96,输入IO点_47,InputIo_47
_C9621A18,输入IO点_48,InputIo_48
_03E6517D,输入IO点_49,InputIo_49
_682A7BFF,输入IO点_50,InputIo_50
_240FE20A,输入IO点_51,InputIo_51
_341A593C,输入IO点_52,InputIo_52
_DFF0D416,输入IO点_53,InputIo_53
_933F45BA,输入IO点_54,InputIo_54
_4EB5A859,输入IO点_55,InputIo_55
_01149493,输入IO点_56,InputIo_56
_A32668BA,输入IO点_57,InputIo_57
_8EA6997B,输入IO点_58,InputIo_58
_C38ABD6D,输入IO点_59,InputIo_59
_569579D9,输入IO点_60,InputIo_60
_52E82FCC,输入IO点_61,InputIo_61
_F09C9C95,输入IO点_62,InputIo_62
_96BA1BEC,输入IO点_63,InputIo_63
_990E0C07,输入IO点_64,InputIo_64
_D0FCB3C5,输入IO点_65,InputIo_65
_D8D072FD,输入IO点_66,InputIo_66
_2557C102,输入IO点_67,InputIo_67
_66560F3E,输入IO点_68,InputIo_68
_7BBEE456,输入IO点_69,InputIo_69
_D8068F56,输入IO点_70,InputIo_70
_3D2F2142,输入IO点_71,InputIo_71
_1290978C,输入IO点_72,InputIo_72
_D44CF253,输入IO点_73,InputIo_73
_A1FD98CF,输入IO点_74,InputIo_74
_C1B2ED31,输入IO点_75,InputIo_75
_5D2C419C,输入IO点_76,InputIo_76
_B0B837C8,输入IO点_77,InputIo_77
_0E91F866,输入IO点_78,InputIo_78
_58F95F10,输入IO点_79,InputIo_79
_C7D9BCA9,输入IO点_80,InputIo_80
_1446BEDB,输入IO点_81,InputIo_81
_32580FF7,输入IO点_82,InputIo_82
_5CE250F0,输入IO点_83,InputIo_83
_CF54934B,输入IO点_84,InputIo_84
_08809CF0,输入IO点_85,InputIo_85
_FC91E5CB,输入IO点_86,InputIo_86
_DD39D712,输入IO点_87,InputIo_87
_32287D33,输入IO点_88,InputIo_88
_F7DC09A6,输入IO点_89,InputIo_89
_4BFE9210,输入IO点_90,InputIo_90
_7F856B3A,输入IO点_91,InputIo_91
_176AE15A,输入IO点_92,InputIo_92
_8B9FF2B5,输入IO点_93,InputIo_93
_F74AFF49,输入IO点_94,InputIo_94
_FC615421,输入IO点_95,InputIo_95
_173B3C9D,输入IO点_96,InputIo_96
_6816F827,输入IO点_97,InputIo_97
_C687A7ED,输入IO点_98,InputIo_98
_11AFBE64,输入IO点_99,InputIo_99
_943FE7E0,输入IO点_100,InputIo_100
_6B4DF6B3,输入IO点_101,InputIo_101
_7F765A52,输入IO点_102,InputIo_102
_2777879F,输入IO点_103,InputIo_103
_5FAD1F0D,输入IO点_104,InputIo_104
_AA9DCBC0,输入IO点_105,InputIo_105
_91A41821,输入IO点_106,InputIo_106
_7B828982,输入IO点_107,InputIo_107
_E507F9E0,输入IO点_108,InputIo_108
_E2F66945,输入IO点_109,InputIo_109
_F991C48A,输入IO点_110,InputIo_110
_BE53FB80,输入IO点_111,InputIo_111
_EA881EB8,输入IO点_112,InputIo_112
_5F684D51,输入IO点_113,InputIo_113
_BD5C4185,输入IO点_114,InputIo_114
_18B2DBC8,输入IO点_115,InputIo_115
_282D52EB,输入IO点_116,InputIo_116
_0C729E93,输入IO点_117,InputIo_117
_635CEBA3,输入IO点_118,InputIo_118
_96D04A4A,输出IO点_0,OutputIo_0
_7FF064AA,输出IO点_1,OutputIo_1
_1FAE96DE,输出IO点_2,OutputIo_2
_A0FD647E,输出IO点_3,OutputIo_3
_732FFA71,输出IO点_4,OutputIo_4
_39500266,输出IO点_5,OutputIo_5
_23D9BA89,输出IO点_6,OutputIo_6
_0F0D73A5,输出IO点_7,OutputIo_7
_043CC194,输出IO点_8,OutputIo_8
_8F8ED3CC,输出IO点_9,OutputIo_9
_2980F58D,输出IO点_10,OutputIo_10
_A3FC65B7,输出IO点_11,OutputIo_11
_0C521AF6,输出IO点_12,OutputIo_12
_5258F010,输出IO点_13,OutputIo_13
_1526E777,输出IO点_14,OutputIo_14
_0378D239,输出IO点_15,OutputIo_15
_7F85E5A1,输出IO点_16,OutputIo_16
_452E470F,输出IO点_17,OutputIo_17
_08E52C96,输出IO点_18,OutputIo_18
_5BABBAA9,输出IO点_19,OutputIo_19
_3C81E9BC,输出IO点_20,OutputIo_20
_41034547,输出IO点_21,OutputIo_21
_3FE0AF40,输出IO点_22,OutputIo_22
_66823F4F,输出IO点_23,OutputIo_23
_4A3AE859,输出IO点_24,OutputIo_24
_1F8CB42B,输出IO点_25,OutputIo_25
_4637604E,输出IO点_26,OutputIo_26
_2AF2BE3B,输出IO点_27,OutputIo_27
_BF4200FB,输出IO点_28,OutputIo_28
_4E6F9CF6,输出IO点_29,OutputIo_29
_D0CAA521,输出IO点_30,OutputIo_30
_DFFA97E5,输出IO点_31,OutputIo_31
_37BDE790,输出IO点_32,OutputIo_32
_7795E35A,输出IO点_33,OutputIo_33
_5DE563EA,输出IO点_34,OutputIo_34
_3EB1041D,输出IO点_35,OutputIo_35
_239A4744,输出IO点_36,OutputIo_36
_2A740D1B,输出IO点_37,OutputIo_37
_1A2E8E22,输出IO点_38,OutputIo_38
_B097BC99,输出IO点_39,OutputIo_39
_94E5A8BE,输出IO点_40,OutputIo_40
_5DC6A261,输出IO点_41,OutputIo_41
_6B23B00B,输出IO点_42,OutputIo_42
_C3CB7138,输出IO点_43,OutputIo_43
_E46D98B4,输出IO点_44,OutputIo_44
_117F46C3,输出IO点_45,OutputIo_45
_D81B53F7,输出IO点_46,OutputIo_46
_6A8F508B,输出IO点_47,OutputIo_47
_7183AAEB,输出IO点_48,OutputIo_48
_C2C2FA6A,输出IO点_49,OutputIo_49
_5E62A79F,输出IO点_50,OutputIo_50
_D5E37B1E,输出IO点_51,OutputIo_51
_5A37FC2D,输出IO点_52,OutputIo_52
_11EDCCD7,输出IO点_53,OutputIo_53
_5DE9D2DA,输出IO点_54,OutputIo_54
_E86FD1ED,输出IO点_55,OutputIo_55
_78A0CA3D,输出IO点_56,OutputIo_56
_012E4220,输出IO点_57,OutputIo_57
_F4FE2857,输出IO点_58,OutputIo_58
_F6673331,输出IO点_59,OutputIo_59
_49DFD5BF,输出IO点_60,OutputIo_60
_20DDA80A,输出IO点_61,OutputIo_61
_B408D6FD,输出IO点_62,OutputIo_62
_E4FAE1F0,输出IO点_63,OutputIo_63
_E89BE4B2,输出IO点_64,OutputIo_64
_1B1AC520,输出IO点_65,OutputIo_65
_7E3866F6,输出IO点_66,OutputIo_66
_69ED23C2,输出IO点_67,OutputIo_67
_56B48774,输出IO点_68,OutputIo_68
_D8787F18,输出IO点_69,OutputIo_69
_E34DF422,输出IO点_70,OutputIo_70
_271256E1,输出IO点_71,OutputIo_71
_08F8B91A,输出IO点_72,OutputIo_72
_540199F6,输出IO点_73,OutputIo_73
_CAC6F0C3,输出IO点_74,OutputIo_74
_96EDE6A4,输出IO点_75,OutputIo_75
_30CD93AF,输出IO点_76,OutputIo_76
_5BD788F4,输出IO点_77,OutputIo_77
_E8A1A3FE,输出IO点_78,OutputIo_78
_FFADA652,输出IO点_79,OutputIo_79
_9B5A1653,输出IO点_80,OutputIo_80
_22CE54EF,输出IO点_81,OutputIo_81
_9CBE61F1,输出IO点_82,OutputIo_82
_7E8B3087,输出IO点_83,OutputIo_83
_2A98F876,输出IO点_84,OutputIo_84
_B2208C85,输出IO点_85,OutputIo_85
_34425DF2,输出IO点_86,OutputIo_86
_7D0A7417,输出IO点_87,OutputIo_87
_86C9636D,输出IO点_88,OutputIo_88
_D56C84A6,输出IO点_89,OutputIo_89
_5BC43965,输出IO点_90,OutputIo_90
_E670D90E,输出IO点_91,OutputIo_91
_A10AAF07,输出IO点_92,OutputIo_92
_4992C6E3,输出IO点_93,OutputIo_93
_4C8FF9A8,输出IO点_94,OutputIo_94
_F28D204B,输出IO点_95,OutputIo_95
_72E0BAFC,输出IO点_96,OutputIo_96
_B2BFD91D,输出IO点_97,OutputIo_97
_54CD6084,输出IO点_98,OutputIo_98
_C0F93EF0,输出IO点_99,OutputIo_99
_F0037428,输出IO点_100,OutputIo_100
_50C810A3,输出IO点_101,OutputIo_101
_AA455C7B,输出IO点_102,OutputIo_102
_1002F63D,输出IO点_103,OutputIo_103
_1EA496E3,输出IO点_104,OutputIo_104
_432EA51F,输出IO点_105,OutputIo_105
_5759BA05,输出IO点_106,OutputIo_106
_ABA7FF59,输出IO点_107,OutputIo_107
_8ABFDF16,输出IO点_108,OutputIo_108
_73B8BBC3,输出IO点_109,OutputIo_109
_855BC2A6,输出IO点_110,OutputIo_110
_89C37129,输出IO点_111,OutputIo_111
_E4056D1D,输出IO点_112,OutputIo_112
_CC705A02,输出IO点_113,OutputIo_113
_9C8C1D54,输出IO点_114,OutputIo_114
_C7F605FF,输出IO点_115,OutputIo_115
_BA3FCE49,输出IO点_116,OutputIo_116
_1BFE02C1,输出IO点_117,OutputIo_117
_E40E239C,输出IO点_118,OutputIo_118
_5305E50E,测试轴_1,Testaxis_1
_C80E8E06,测试点位_0,TestPoint_0
_D0C2FF0D,测试点位_1,TestPoint_1
_E9C134D1,测试点位_2,TestPoint_2
_EF061555,测试点位_3,TestPoint_3
_70061DC6,测试点位_4,TestPoint_4
_3C16E147,测试点位_5,TestPoint_5
_8BD73BFD,测试点位_6,TestPoint_6
_F643C258,测试点位_7,TestPoint_7
_3E452390,测试点位_8,TestPoint_8
_F7182D89,测试点位_9,TestPoint_9
_8C2460F4,测试点位_10,TestPoint_10
_6A23761D,测试点位_11,TestPoint_11
_CD96774B,测试点位_12,TestPoint_12
_BB260EBC,测试点位_13,TestPoint_13
_9A65D733,测试点位_14,TestPoint_14
_4EB38DA9,测试点位_15,TestPoint_15
_1710C447,测试点位_16,TestPoint_16
_25651CCF,测试点位_17,TestPoint_17
_80B0670D,测试点位_18,TestPoint_18
_4077C3E2,测试点位_19,TestPoint_19
_54A661DA,测试点位_20,TestPoint_20
_6618E164,测试点位_21,TestPoint_21
_1DE89B33,测试点位_22,TestPoint_22
_6F642D61,测试点位_23,TestPoint_23
_BF8A9BAB,测试点位_24,TestPoint_24
_392EF1F0,测试点位_25,TestPoint_25
_66BCF64D,测试点位_26,TestPoint_26
_AD719713,测试点位_27,TestPoint_27
_789CD908,测试点位_28,TestPoint_28
_3FE78686,测试点位_29,TestPoint_29
_9EE16470,测试点位_30,TestPoint_30
_B93350E7,测试轴_2,Testaxis_2
_AA764261,测试点位_31,TestPoint_31
_C3668F7D,测试轴_3,Testaxis_3
_A2F41216,测试轴_4,Testaxis_4
_E3B8BB5C,测试轴_5,Testaxis_5
_FB50C58A,测试轴_6,Testaxis_6
_93A5D0A5,测试轴_7,Testaxis_7
_05985B56,测试轴_8,Testaxis_8
_12983F85,测试轴_9,Testaxis_9
_BD20ABB0,测试轴_10,Testaxis_10
_88727AF2,测试轴_11,Testaxis_11
_5DD19DAE,测试轴_12,Testaxis_12
_4B9E746A,测试轴_13,Testaxis_13
_F243FDFB,测试轴_14,Testaxis_14
_D24C8F4B,测试轴_15,Testaxis_15
_DA546235,测试气缸_1,Testcylinder_1
_9E201EC0,气缸分组_1,Cylindergrouping_1
_ABFDD800,缩回,Retract
_9BE6C93E,伸出,Stretchout
_9A935478,测试气缸_2,Testcylinder_2
_4A17CD29,测试气缸_3,Testcylinder_3
_2D2518AD,测试气缸_4,Testcylinder_4
_F9AFE0E8,测试气缸_5,Testcylinder_5
_FD4E6FEF,测试气缸_6,Testcylinder_6
_EE5190D8,测试气缸_7,Testcylinder_7
_DCCA9C94,测试气缸_8,Testcylinder_8
_FEA1E533,测试气缸_9,Testcylinder_9
_28809279,测试气缸_10,Testcylinder_10
_9025D160,测试气缸_11,Testcylinder_11
_E85F213B,测试气缸_12,Testcylinder_12
_B16C56C7,测试气缸_13,Testcylinder_13
_6CC7BF54,测试气缸_14,Testcylinder_14
_888C50B1,测试气缸_15,Testcylinder_15
_24CCA1E8,测试气缸_16,Testcylinder_16
_47B5797F,气缸分组_2,CylinderGrouping_2
_75377801,测试气缸_17,Testcylinder_17
_4E3D188A,测试气缸_18,Testcylinder_18
_0FCD382C,测试气缸_19,Testcylinder_19
_C0497C76,测试气缸_20,Testcylinder_20
_B4096B74,测试气缸_21,Testcylinder_21
_230E1C02,测试气缸_22,Testcylinder_22
_5125DD30,测试气缸_23,Testcylinder_23
_9FCF4FC9,测试气缸_24,Testcylinder_24
_E3C18286,测试气缸_25,Testcylinder_25
_07528CEA,测试气缸_26,Testcylinder_26
_354587D3,测试气缸_27,Testcylinder_27
_C8A18510,测试气缸_28,Testcylinder_28
_6BE93B9F,测试气缸_29,Testcylinder_29
_E2B63FD6,测试气缸_30,Testcylinder_30
_F1664B2E,测试气缸_31,Testcylinder_31
_20A43CE8,测试气缸_32,Testcylinder_32
_1750AFF0,测试气缸_33,Testcylinder_33
_E395D0C4,测试气缸_34,Testcylinder_34
_33D1009C,测试气缸_35,Testcylinder_35
_A47B27C3,测试气缸_36,Testcylinder_36
_9FF60AB9,测试气缸_37,Testcylinder_37
_0AB79602,测试气缸_38,Testcylinder_38
_2998524C,测试气缸_39,Testcylinder_39
_7040205F,测试气缸_40,Testcylinder_40
_5E44E25A,测试气缸_41,Testcylinder_41
_79FB575E,测试气缸_42,Testcylinder_42
_4286E3F6,测试气缸_43,Testcylinder_43
_AEEAA98F,测试气缸_44,Testcylinder_44
_4AD95AC3,气缸分组_3,CylinderGrouping_3
_0178953E,测试气缸_45,Testcylinder_45
_5B3CB286,测试气缸_46,Testcylinder_46
_5894160B,测试气缸_47,Testcylinder_47
_607B0C0A,测试气缸_48,Testcylinder_48
_27B3EDCC,测试气缸_49,Testcylinder_49
_C43B92F9,测试气缸_50,Testcylinder_50
_921F3DD1,测试气缸_51,Testcylinder_51
_6B4995AB,测试气缸_52,Testcylinder_52
_2F97581C,测试气缸_53,Testcylinder_53
_C1519443,测试气缸_54,Testcylinder_54
_5EDBF7C4,测试气缸_55,Testcylinder_55
_F37287FC,测试气缸_56,Testcylinder_56
_06A0EF5C,测试气缸_57,Testcylinder_57
_A4FCF8FC,测试气缸_58,Testcylinder_58
_57ABD409,测试气缸_59,Testcylinder_59
_7951C397,测试气缸_60,Testcylinder_60
_35D59C07,测试气缸_61,Testcylinder_61
_1AEC49A7,测试气缸_62,Testcylinder_62
_3DD8DF8C,测试气缸_63,Testcylinder_63
_3F1C3900,测试气缸_64,Testcylinder_64
_8E8BD5A7,测试气缸_65,Testcylinder_65
_A9A2F54F,测试气缸_66,Testcylinder_66
_8725145A,测试气缸_67,Testcylinder_67
_89CE884B,测试气缸_68,Testcylinder_68
_774A5C9E,测试气缸_69,Testcylinder_69
_0A5B75A1,测试气缸_70,Testcylinder_70
_858381E9,气缸分组_4,CylinderGrouping_4
_15F79380,测试气缸_71,Testcylinder_71
_990C9933,测试气缸_72,Testcylinder_72
_9E1D3503,测试气缸_73,Testcylinder_73
_256D7197,测试气缸_74,Testcylinder_74
_CDB8D29D,测试气缸_75,Testcylinder_75
_D4A6611E,测试气缸_76,Testcylinder_76
_C00EE3F3,测试气缸_77,Testcylinder_77
_3B4F4056,测试气缸_78,Testcylinder_78
_078DDF28,测试气缸_79,Testcylinder_79
_66166FA9,测试气缸_80,Testcylinder_80
_1E66579E,测试报警触发_报警信息显示1,Testalarmtrigger-Alarminformationdisplay1
_5FCEA0E4,测试组1,AlarmGroup1
_CFC81C45,测试报警触发_报警信息显示2,Testalarmtrigger-Alarminformationdisplay2
_72BAA69F,测试报警触发_报警信息显示3,Testalarmtrigger-Alarminformationdisplay3
_13A9F2AC,测试报警触发_报警信息显示4,Testalarmtrigger-Alarminformationdisplay4
_9A0E123E,测试报警触发_报警信息显示5,Testalarmtrigger-Alarminformationdisplay5
_B53A0F6C,测试报警触发_报警信息显示6,Testalarmtrigger-Alarminformationdisplay6
_261BEA00,测试报警触发_报警信息显示7,Testalarmtrigger-Alarminformationdisplay7
_7FC9258A,测试报警触发_报警信息显示8,Testalarmtrigger-Alarminformationdisplay8
_5898D3BA,测试报警触发_报警信息显示9,Testalarmtrigger-Alarminformationdisplay9
_6A0EBDC7,测试报警触发_报警信息显示10,Testalarmtrigger-Alarminformationdisplay10
_7457D658,测试报警触发_报警信息显示11,Testalarmtrigger-Alarminformationdisplay11
_E2BD2BA4,测试报警触发_报警信息显示12,Testalarmtrigger-Alarminformationdisplay12
_BB455E8A,测试报警触发_报警信息显示13,Testalarmtrigger-Alarminformationdisplay13
_83E46045,测试报警触发_报警信息显示14,Testalarmtrigger-Alarminformationdisplay14
_CDF2BB47,测试报警触发_报警信息显示15,Testalarmtrigger-Alarminformationdisplay15
_BBC9D775,测试报警触发_报警信息显示16,Testalarmtrigger-Alarminformationdisplay16
_3381CFE1,测试报警触发_报警信息显示17,Testalarmtrigger-Alarminformationdisplay17
_3A7AB76A,测试报警触发_报警信息显示18,Testalarmtrigger-Alarminformationdisplay18
_43D08281,测试报警触发_报警信息显示19,Testalarmtrigger-Alarminformationdisplay19
_D47AC953,测试报警触发_报警信息显示20,Testalarmtrigger-Alarminformationdisplay20
_B19CE5C6,测试报警触发_报警信息显示21,Testalarmtrigger-Alarminformationdisplay21
_A286DD6A,测试报警触发_报警信息显示22,Testalarmtrigger-Alarminformationdisplay22
_E750BE85,测试报警触发_报警信息显示23,Testalarmtrigger-Alarminformationdisplay23
_630BECCB,测试报警触发_报警信息显示24,Testalarmtrigger-Alarminformationdisplay24
_D140AD84,测试报警触发_报警信息显示25,Testalarmtrigger-Alarminformationdisplay25
_D248AE24,测试报警触发_报警信息显示26,Testalarmtrigger-Alarminformationdisplay26
_2333D373,测试报警触发_报警信息显示27,Testalarmtrigger-Alarminformationdisplay27
_1C486057,测试报警触发_报警信息显示28,Testalarmtrigger-Alarminformationdisplay28
_0E8F4254,测试报警触发_报警信息显示29,Testalarmtrigger-Alarminformationdisplay29
_97FD8AE1,测试报警触发_报警信息显示30,Testalarmtrigger-Alarminformationdisplay30
_E3528D9B,测试报警触发_报警信息显示31,Testalarmtrigger-Alarminformationdisplay31
_935A1D4F,测试报警触发_报警信息显示32,Testalarmtrigger-Alarminformationdisplay32
_0B4A5920,测试报警触发_报警信息显示33,Testalarmtrigger-Alarminformationdisplay33
_EFD2BD75,测试报警触发_报警信息显示34,Testalarmtrigger-Alarminformationdisplay34
_FDEA9006,测试报警触发_报警信息显示35,Testalarmtrigger-Alarminformationdisplay35
_DC76CD8A,测试报警触发_报警信息显示36,Testalarmtrigger-Alarminformationdisplay36
_DC81FA05,测试报警触发_报警信息显示37,Testalarmtrigger-Alarminformationdisplay37
_6D688F22,测试报警触发_报警信息显示38,Testalarmtrigger-Alarminformationdisplay38
_56954CBF,测试报警触发_报警信息显示39,Testalarmtrigger-Alarminformationdisplay39
_C592E92B,测试报警触发_报警信息显示40,Testalarmtrigger-Alarminformationdisplay40
_D5C0495C,测试报警触发_报警信息显示41,Testalarmtrigger-Alarminformationdisplay41
_6775FEE1,测试报警触发_报警信息显示42,Testalarmtrigger-Alarminformationdisplay42
_FF2FF949,测试报警触发_报警信息显示43,Testalarmtrigger-Alarminformationdisplay43
_4D1139D3,测试报警触发_报警信息显示44,Testalarmtrigger-Alarminformationdisplay44
_179F3799,测试报警触发_报警信息显示45,Testalarmtrigger-Alarminformationdisplay45
_53C5C77B,测试报警触发_报警信息显示46,Testalarmtrigger-Alarminformationdisplay46
_77A06544,测试报警触发_报警信息显示47,Testalarmtrigger-Alarminformationdisplay47
_D140C72A,测试报警触发_报警信息显示48,Testalarmtrigger-Alarminformationdisplay48
_52C45773,测试报警触发_报警信息显示49,Testalarmtrigger-Alarminformationdisplay49
_29CE4F6B,测试报警触发_报警信息显示50,Testalarmtrigger-Alarminformationdisplay50
_01EF19FC,测试报警触发_报警信息显示51,Testalarmtrigger-Alarminformationdisplay51
_16363ACA,测试报警触发_报警信息显示52,Testalarmtrigger-Alarminformationdisplay52
_0D2DF6D6,测试报警触发_报警信息显示53,Testalarmtrigger-Alarminformationdisplay53
_AFA7D2D5,测试报警触发_报警信息显示54,Testalarmtrigger-Alarminformationdisplay54
_B3623154,测试报警触发_报警信息显示55,Testalarmtrigger-Alarminformationdisplay55
_78FC823A,测试报警触发_报警信息显示56,Testalarmtrigger-Alarminformationdisplay56
_1C8670B1,测试报警触发_报警信息显示57,Testalarmtrigger-Alarminformationdisplay57
_F8A2A92F,测试报警触发_报警信息显示58,Testalarmtrigger-Alarminformationdisplay58
_3F77258A,测试组2,AlarmGroup2
_8EFFC743,测试报警触发_报警信息显示59,Testalarmtrigger-Alarminformationdisplay59
_6063346F,测试报警触发_报警信息显示60,Testalarmtrigger-Alarminformationdisplay60
_4B3BD785,测试报警触发_报警信息显示61,Testalarmtrigger-Alarminformationdisplay61
_0A3FE8D5,测试报警触发_报警信息显示62,Testalarmtrigger-Alarminformationdisplay62
_DBF5980A,测试报警触发_报警信息显示63,Testalarmtrigger-Alarminformationdisplay63
_B53FA943,测试报警触发_报警信息显示64,Testalarmtrigger-Alarminformationdisplay64
_FBF29E87,测试报警触发_报警信息显示65,Testalarmtrigger-Alarminformationdisplay65
_25655327,测试报警触发_报警信息显示66,Testalarmtrigger-Alarminformationdisplay66
_5796293D,测试报警触发_报警信息显示67,Testalarmtrigger-Alarminformationdisplay67
_8B460BCA,测试报警触发_报警信息显示68,Testalarmtrigger-Alarminformationdisplay68
_7E50E2B4,测试报警触发_报警信息显示69,Testalarmtrigger-Alarminformationdisplay69
_42414EB6,测试报警触发_报警信息显示70,Testalarmtrigger-Alarminformationdisplay70
_CEBEADA4,测试报警触发_报警信息显示71,Testalarmtrigger-Alarminformationdisplay71
_A38574AF,测试报警触发_报警信息显示72,Testalarmtrigger-Alarminformationdisplay72
_45E5855E,测试报警触发_报警信息显示73,Testalarmtrigger-Alarminformationdisplay73
_C4146783,测试报警触发_报警信息显示74,Testalarmtrigger-Alarminformationdisplay74
_74B0E5F1,测试报警触发_报警信息显示75,Testalarmtrigger-Alarminformationdisplay75
_5AB8BE62,测试报警触发_报警信息显示76,Testalarmtrigger-Alarminformationdisplay76
_41309B9F,测试报警触发_报警信息显示77,Testalarmtrigger-Alarminformationdisplay77
_F61A912F,测试报警触发_报警信息显示78,Testalarmtrigger-Alarminformationdisplay78
_C2C72070,测试报警触发_报警信息显示79,Testalarmtrigger-Alarminformationdisplay79
_F7352126,测试报警触发_报警信息显示80,Testalarmtrigger-Alarminformationdisplay80
_A222F2DA,测试报警触发_报警信息显示81,Testalarmtrigger-Alarminformationdisplay81
_DEA76A35,测试报警触发_报警信息显示82,Testalarmtrigger-Alarminformationdisplay82
_330B047A,测试报警触发_报警信息显示83,Testalarmtrigger-Alarminformationdisplay83
_0DAFBD74,测试报警触发_报警信息显示84,Testalarmtrigger-Alarminformationdisplay84
_5351A40E,测试报警触发_报警信息显示85,Testalarmtrigger-Alarminformationdisplay85
_37BDF581,测试报警触发_报警信息显示86,Testalarmtrigger-Alarminformationdisplay86
_F6DAC79B,测试报警触发_报警信息显示87,Testalarmtrigger-Alarminformationdisplay87
_2A923D69,测试报警触发_报警信息显示88,Testalarmtrigger-Alarminformationdisplay88
_4A5E3A89,测试报警触发_报警信息显示89,Testalarmtrigger-Alarminformationdisplay89
_542762FA,测试报警触发_报警信息显示90,Testalarmtrigger-Alarminformationdisplay90
_1BE3B9E3,测试报警触发_报警信息显示91,Testalarmtrigger-Alarminformationdisplay91
_7004BC9B,测试报警触发_报警信息显示92,Testalarmtrigger-Alarminformationdisplay92
_E218AF61,测试报警触发_报警信息显示93,Testalarmtrigger-Alarminformationdisplay93
_DB624F84,测试报警触发_报警信息显示94,Testalarmtrigger-Alarminformationdisplay94
_001E07A7,测试报警触发_报警信息显示95,Testalarmtrigger-Alarminformationdisplay95
_1E1760CC,测试报警触发_报警信息显示96,Testalarmtrigger-Alarminformationdisplay96
_2954BF2F,测试报警触发_报警信息显示97,Testalarmtrigger-Alarminformationdisplay97
_01A1CE80,测试报警触发_报警信息显示98,Testalarmtrigger-Alarminformationdisplay98
_2E045EA0,测试报警触发_报警信息显示99,Testalarmtrigger-Alarminformationdisplay99
_1A1B1B2E,测试报警触发_报警信息显示100,Testalarmtrigger-Alarminformationdisplay100
_7EF7102F,测试报警触发_报警信息显示101,Testalarmtrigger-Alarminformationdisplay101
_D141E1B4,测试报警触发_报警信息显示102,Testalarmtrigger-Alarminformationdisplay102
_4CCE59A1,测试报警触发_报警信息显示103,Testalarmtrigger-Alarminformationdisplay103
_1E0E2721,测试报警触发_报警信息显示104,Testalarmtrigger-Alarminformationdisplay104
_C1082415,测试报警触发_报警信息显示105,Testalarmtrigger-Alarminformationdisplay105
_B6E9B22E,测试报警触发_报警信息显示106,Testalarmtrigger-Alarminformationdisplay106
_17EEDBE7,测试报警触发_报警信息显示107,Testalarmtrigger-Alarminformationdisplay107
_B47438F8,测试报警触发_报警信息显示108,Testalarmtrigger-Alarminformationdisplay108
_3FCEBCD2,测试报警触发_报警信息显示109,Testalarmtrigger-Alarminformationdisplay109
_2A21253F,测试报警触发_报警信息显示110,Testalarmtrigger-Alarminformationdisplay110
_C8A39B33,测试报警触发_报警信息显示111,Testalarmtrigger-Alarminformationdisplay111
_728E19C8,测试报警触发_报警信息显示112,Testalarmtrigger-Alarminformationdisplay112
_366654EB,测试报警触发_报警信息显示113,Testalarmtrigger-Alarminformationdisplay113
_92A83302,测试报警触发_报警信息显示114,Testalarmtrigger-Alarminformationdisplay114
_0619C2F1,测试报警触发_报警信息显示115,Testalarmtrigger-Alarminformationdisplay115
_2CA14391,测试报警触发_报警信息显示116,Testalarmtrigger-Alarminformationdisplay116
_9F0CA921,测试报警触发_报警信息显示117,Testalarmtrigger-Alarminformationdisplay117
_34F33D5E,测试报警触发_报警信息显示118,Testalarmtrigger-Alarminformationdisplay118
_812E11B4,测试报警触发_报警信息显示119,Testalarmtrigger-Alarminformationdisplay119
_133365AB,测试报警触发_报警信息显示120,Testalarmtrigger-Alarminformationdisplay120
_2ACB020A,测试报警触发_报警信息显示121,Testalarmtrigger-Alarminformationdisplay121
_5C46D9E4,测试报警触发_报警信息显示122,Testalarmtrigger-Alarminformationdisplay122
_21734060,测试报警触发_报警信息显示123,Testalarmtrigger-Alarminformationdisplay123
_EF80789F,测试报警触发_报警信息显示124,Testalarmtrigger-Alarminformationdisplay124
_EEAD5301,测试报警触发_报警信息显示125,Testalarmtrigger-Alarminformationdisplay125
_00038EC1,测试报警触发_报警信息显示126,Testalarmtrigger-Alarminformationdisplay126
_33E50733,测试报警触发_报警信息显示127,Testalarmtrigger-Alarminformationdisplay127
_AAB61D81,测试报警触发_报警信息显示128,Testalarmtrigger-Alarminformationdisplay128
_46E33C66,测试报警触发_报警信息显示129,Testalarmtrigger-Alarminformationdisplay129
_358CF761,测试报警触发_报警信息显示130,Testalarmtrigger-Alarminformationdisplay130
_27256855,测试报警触发_报警信息显示131,Testalarmtrigger-Alarminformationdisplay131
_85FA4DC6,测试报警触发_报警信息显示132,Testalarmtrigger-Alarminformationdisplay132
_DE634244,测试报警触发_报警信息显示133,Testalarmtrigger-Alarminformationdisplay133
_21F1A33F,测试报警触发_报警信息显示134,Testalarmtrigger-Alarminformationdisplay134
_1763B66C,测试报警触发_报警信息显示135,Testalarmtrigger-Alarminformationdisplay135
_00124A69,测试报警触发_报警信息显示136,Testalarmtrigger-Alarminformationdisplay136
_AFE1D141,测试报警触发_报警信息显示137,Testalarmtrigger-Alarminformationdisplay137
_E72136F8,测试报警触发_报警信息显示138,Testalarmtrigger-Alarminformationdisplay138
_A2DC04ED,测试报警触发_报警信息显示139,Testalarmtrigger-Alarminformationdisplay139
_D4AAD05E,测试报警触发_报警信息显示140,Testalarmtrigger-Alarminformationdisplay140
_2F1AA429,测试报警触发_报警信息显示141,Testalarmtrigger-Alarminformationdisplay141
_A697147D,测试报警触发_报警信息显示142,Testalarmtrigger-Alarminformationdisplay142
_B61D08B9,测试报警触发_报警信息显示143,Testalarmtrigger-Alarminformationdisplay143
_5DFE8417,测试报警触发_报警信息显示144,Testalarmtrigger-Alarminformationdisplay144
_92E58BA9,测试报警触发_报警信息显示145,Testalarmtrigger-Alarminformationdisplay145
_A9A467AF,测试报警触发_报警信息显示146,Testalarmtrigger-Alarminformationdisplay146
_AC23A9DC,测试报警触发_报警信息显示147,Testalarmtrigger-Alarminformationdisplay147
_4C3E6D64,测试报警触发_报警信息显示148,Testalarmtrigger-Alarminformationdisplay148
_2BE33CB4,测试报警触发_报警信息显示149,Testalarmtrigger-Alarminformationdisplay149
_5C736B0C,测试报警触发_报警信息显示150,Testalarmtrigger-Alarminformationdisplay150
_BBC05594,测试报警触发_报警信息显示151,Testalarmtrigger-Alarminformationdisplay151
_B57ACC4D,测试报警触发_报警信息显示152,Testalarmtrigger-Alarminformationdisplay152
_B90BC6C1,测试报警触发_报警信息显示153,Testalarmtrigger-Alarminformationdisplay153
_D7403869,测试报警触发_报警信息显示154,Testalarmtrigger-Alarminformationdisplay154
_DA17CA77,测试报警触发_报警信息显示155,Testalarmtrigger-Alarminformationdisplay155
_CF63D32B,测试报警触发_报警信息显示156,Testalarmtrigger-Alarminformationdisplay156
_AE852203,测试报警触发_报警信息显示157,Testalarmtrigger-Alarminformationdisplay157
_BFFD7C9F,测试报警触发_报警信息显示158,Testalarmtrigger-Alarminformationdisplay158
_8B758BBE,测试报警触发_报警信息显示159,Testalarmtrigger-Alarminformationdisplay159
_293842F7,测试报警触发_报警信息显示160,Testalarmtrigger-Alarminformationdisplay160
_8C26539A,测试报警触发_报警信息显示161,Testalarmtrigger-Alarminformationdisplay161
_5E79749B,测试报警触发_报警信息显示162,Testalarmtrigger-Alarminformationdisplay162
_A8F9E5C7,测试报警触发_报警信息显示163,Testalarmtrigger-Alarminformationdisplay163
_A45BDAF4,测试报警触发_报警信息显示164,Testalarmtrigger-Alarminformationdisplay164
_2C6878DA,测试报警触发_报警信息显示165,Testalarmtrigger-Alarminformationdisplay165
_2867B59E,测试报警触发_报警信息显示166,Testalarmtrigger-Alarminformationdisplay166
_62BEB897,测试报警触发_报警信息显示167,Testalarmtrigger-Alarminformationdisplay167
_0537A682,测试报警触发_报警信息显示168,Testalarmtrigger-Alarminformationdisplay168
_88B3CB4A,测试报警触发_报警信息显示169,Testalarmtrigger-Alarminformationdisplay169
_719223F1,测试报警触发_报警信息显示170,Testalarmtrigger-Alarminformationdisplay170
_F4992920,测试报警触发_报警信息显示171,Testalarmtrigger-Alarminformationdisplay171
_D88E46FF,测试报警触发_报警信息显示172,Testalarmtrigger-Alarminformationdisplay172
_D266C5A2,测试报警触发_报警信息显示173,Testalarmtrigger-Alarminformationdisplay173
_DFD42507,测试报警触发_报警信息显示174,Testalarmtrigger-Alarminformationdisplay174
_0F48C0D3,测试报警触发_报警信息显示175,Testalarmtrigger-Alarminformationdisplay175
_D16602EC,测试报警触发_报警信息显示176,Testalarmtrigger-Alarminformationdisplay176
_234616F2,测试报警触发_报警信息显示177,Testalarmtrigger-Alarminformationdisplay177
_AC6DFFDB,测试报警触发_报警信息显示178,Testalarmtrigger-Alarminformationdisplay178
_3747ADD9,测试报警触发_报警信息显示179,Testalarmtrigger-Alarminformationdisplay179
_E4E9E4A1,测试组3,AlarmGroup3
_5C373E80,测试报警触发_报警信息显示180,Testalarmtrigger-Alarminformationdisplay180
_8C4BD70E,测试报警触发_报警信息显示181,Testalarmtrigger-Alarminformationdisplay181
_BC07F2DF,测试报警触发_报警信息显示182,Testalarmtrigger-Alarminformationdisplay182
_FD2B4788,测试报警触发_报警信息显示183,Testalarmtrigger-Alarminformationdisplay183
_CE989B7B,测试报警触发_报警信息显示184,Testalarmtrigger-Alarminformationdisplay184
_1CE6AC5C,测试报警触发_报警信息显示185,Testalarmtrigger-Alarminformationdisplay185
_DE5B2042,测试报警触发_报警信息显示186,Testalarmtrigger-Alarminformationdisplay186
_D37547F4,测试报警触发_报警信息显示187,Testalarmtrigger-Alarminformationdisplay187
_7E9B592F,测试报警触发_报警信息显示188,Testalarmtrigger-Alarminformationdisplay188
_6F06BFA8,测试报警触发_报警信息显示189,Testalarmtrigger-Alarminformationdisplay189
_05943081,测试报警触发_报警信息显示190,Testalarmtrigger-Alarminformationdisplay190
_EF8AE68D,测试报警触发_报警信息显示191,Testalarmtrigger-Alarminformationdisplay191
_F3150F98,测试报警触发_报警信息显示192,Testalarmtrigger-Alarminformationdisplay192
_B8B45B96,测试报警触发_报警信息显示193,Testalarmtrigger-Alarminformationdisplay193
_57B21C40,测试报警触发_报警信息显示194,Testalarmtrigger-Alarminformationdisplay194
_94A14EBB,测试报警触发_报警信息显示195,Testalarmtrigger-Alarminformationdisplay195
_B5DD0C44,测试报警触发_报警信息显示196,Testalarmtrigger-Alarminformationdisplay196
_3256C97A,测试报警触发_报警信息显示197,Testalarmtrigger-Alarminformationdisplay197
_6BCF33AB,测试报警触发_报警信息显示198,Testalarmtrigger-Alarminformationdisplay198
_E48E5D4A,测试报警触发_报警信息显示199,Testalarmtrigger-Alarminformationdisplay199
_12AA7CE1,测试报警触发_报警信息显示200,Testalarmtrigger-Alarminformationdisplay200
_3AD3CE8F,测试报警触发_报警信息显示201,Testalarmtrigger-Alarminformationdisplay201
_D7A116B2,测试报警触发_报警信息显示202,Testalarmtrigger-Alarminformationdisplay202
_7B561583,测试报警触发_报警信息显示203,Testalarmtrigger-Alarminformationdisplay203
_8387F3FE,测试报警触发_报警信息显示204,Testalarmtrigger-Alarminformationdisplay204
_64FD9497,测试报警触发_报警信息显示205,Testalarmtrigger-Alarminformationdisplay205
_2428E1A7,测试报警触发_报警信息显示206,Testalarmtrigger-Alarminformationdisplay206
_92F8233D,测试报警触发_报警信息显示207,Testalarmtrigger-Alarminformationdisplay207
_F6E6946B,测试报警触发_报警信息显示208,Testalarmtrigger-Alarminformationdisplay208
_591B8D5C,测试报警触发_报警信息显示209,Testalarmtrigger-Alarminformationdisplay209
_E78F746D,测试报警触发_报警信息显示210,Testalarmtrigger-Alarminformationdisplay210
_27FA38BD,测试报警触发_报警信息显示211,Testalarmtrigger-Alarminformationdisplay211
_4A41AB6D,测试报警触发_报警信息显示212,Testalarmtrigger-Alarminformationdisplay212
_05C48A60,测试报警触发_报警信息显示213,Testalarmtrigger-Alarminformationdisplay213
_619ADD50,测试报警触发_报警信息显示214,Testalarmtrigger-Alarminformationdisplay214
_4DAA7B13,测试报警触发_报警信息显示215,Testalarmtrigger-Alarminformationdisplay215
_6DF7CADD,测试报警触发_报警信息显示216,Testalarmtrigger-Alarminformationdisplay216
_52447599,测试报警触发_报警信息显示217,Testalarmtrigger-Alarminformationdisplay217
_DF38C001,测试报警触发_报警信息显示218,Testalarmtrigger-Alarminformationdisplay218
_D69F2D4E,测试报警触发_报警信息显示219,Testalarmtrigger-Alarminformationdisplay219
_9811B692,测试报警触发_报警信息显示220,Testalarmtrigger-Alarminformationdisplay220
_06054E27,测试报警触发_报警信息显示221,Testalarmtrigger-Alarminformationdisplay221
_451373EB,测试报警触发_报警信息显示222,Testalarmtrigger-Alarminformationdisplay222
_021D2D49,测试报警触发_报警信息显示223,Testalarmtrigger-Alarminformationdisplay223
_D0AE236E,测试报警触发_报警信息显示224,Testalarmtrigger-Alarminformationdisplay224
_954E1CE2,测试报警触发_报警信息显示225,Testalarmtrigger-Alarminformationdisplay225
_7CB55685,测试报警触发_报警信息显示226,Testalarmtrigger-Alarminformationdisplay226
_E48ED5A9,测试报警触发_报警信息显示227,Testalarmtrigger-Alarminformationdisplay227
_42BA3C70,测试报警触发_报警信息显示228,Testalarmtrigger-Alarminformationdisplay228
_ACB5F4FD,测试报警触发_报警信息显示229,Testalarmtrigger-Alarminformationdisplay229
_5D670063,测试报警触发_报警信息显示230,Testalarmtrigger-Alarminformationdisplay230
_D5528FB1,测试报警触发_报警信息显示231,Testalarmtrigger-Alarminformationdisplay231
_CC78D78B,测试报警触发_报警信息显示232,Testalarmtrigger-Alarminformationdisplay232
_5EA106FE,测试报警触发_报警信息显示233,Testalarmtrigger-Alarminformationdisplay233
_95B5CD11,测试报警触发_报警信息显示234,Testalarmtrigger-Alarminformationdisplay234
_812050F8,测试报警触发_报警信息显示235,Testalarmtrigger-Alarminformationdisplay235
_42AC5A35,测试报警触发_报警信息显示236,Testalarmtrigger-Alarminformationdisplay236
_29B6DC78,测试报警触发_报警信息显示237,Testalarmtrigger-Alarminformationdisplay237
_70D1AF12,测试报警触发_报警信息显示238,Testalarmtrigger-Alarminformationdisplay238
_5A923830,测试报警触发_报警信息显示239,Testalarmtrigger-Alarminformationdisplay239
_D74F6FFC,测试报警触发_报警信息显示240,Testalarmtrigger-Alarminformationdisplay240
_382BE87F,测试报警触发_报警信息显示241,Testalarmtrigger-Alarminformationdisplay241
_7EA0CEE1,测试报警触发_报警信息显示242,Testalarmtrigger-Alarminformationdisplay242
_07E5194A,测试报警触发_报警信息显示243,Testalarmtrigger-Alarminformationdisplay243
_A93611D6,测试报警触发_报警信息显示244,Testalarmtrigger-Alarminformationdisplay244
_9DF52153,测试报警触发_报警信息显示245,Testalarmtrigger-Alarminformationdisplay245
_2B0DC13D,测试报警触发_报警信息显示246,Testalarmtrigger-Alarminformationdisplay246
_BD4D6980,测试报警触发_报警信息显示247,Testalarmtrigger-Alarminformationdisplay247
_AF3E86DF,测试报警触发_报警信息显示248,Testalarmtrigger-Alarminformationdisplay248
_87C2B054,测试报警触发_报警信息显示249,Testalarmtrigger-Alarminformationdisplay249
_276779A1,测试报警触发_报警信息显示250,Testalarmtrigger-Alarminformationdisplay250
_F287F476,测试报警触发_报警信息显示251,Testalarmtrigger-Alarminformationdisplay251
_1656601F,测试报警触发_报警信息显示252,Testalarmtrigger-Alarminformationdisplay252
_D74C8EC9,测试报警触发_报警信息显示253,Testalarmtrigger-Alarminformationdisplay253
_9E2DDB76,测试报警触发_报警信息显示254,Testalarmtrigger-Alarminformationdisplay254
_AC897BEF,测试报警触发_报警信息显示255,Testalarmtrigger-Alarminformationdisplay255
_473BDE17,测试报警触发_报警信息显示256,Testalarmtrigger-Alarminformationdisplay256
_3BDDE81C,测试报警触发_报警信息显示257,Testalarmtrigger-Alarminformationdisplay257
_B0447962,测试报警触发_报警信息显示258,Testalarmtrigger-Alarminformationdisplay258
_2789625F,测试报警触发_报警信息显示259,Testalarmtrigger-Alarminformationdisplay259
_C76BD3D7,测试报警触发_报警信息显示260,Testalarmtrigger-Alarminformationdisplay260
_F9B650CB,测试报警触发_报警信息显示261,Testalarmtrigger-Alarminformationdisplay261
_5643C237,测试报警触发_报警信息显示262,Testalarmtrigger-Alarminformationdisplay262
_98192FF8,测试报警触发_报警信息显示263,Testalarmtrigger-Alarminformationdisplay263
_7ADB8558,测试报警触发_报警信息显示264,Testalarmtrigger-Alarminformationdisplay264
_67D2C04B,测试报警触发_报警信息显示265,Testalarmtrigger-Alarminformationdisplay265
_788A7C7B,测试报警触发_报警信息显示266,Testalarmtrigger-Alarminformationdisplay266
_DB9B11CE,测试报警触发_报警信息显示267,Testalarmtrigger-Alarminformationdisplay267
_8AA56446,测试报警触发_报警信息显示268,Testalarmtrigger-Alarminformationdisplay268
_9B822AC4,测试报警触发_报警信息显示269,Testalarmtrigger-Alarminformationdisplay269
_0AC8AA2B,测试报警触发_报警信息显示270,Testalarmtrigger-Alarminformationdisplay270
_60A00191,测试报警触发_报警信息显示271,Testalarmtrigger-Alarminformationdisplay271
_98731D18,测试报警触发_报警信息显示272,Testalarmtrigger-Alarminformationdisplay272
_4795CE89,测试报警触发_报警信息显示273,Testalarmtrigger-Alarminformationdisplay273
_207F0556,测试报警触发_报警信息显示274,Testalarmtrigger-Alarminformationdisplay274
_45CB3296,测试报警触发_报警信息显示275,Testalarmtrigger-Alarminformationdisplay275
_4449E097,测试报警触发_报警信息显示276,Testalarmtrigger-Alarminformationdisplay276
_732C5A56,测试报警触发_报警信息显示277,Testalarmtrigger-Alarminformationdisplay277
_52D5D5E5,测试报警触发_报警信息显示278,Testalarmtrigger-Alarminformationdisplay278
_D203D1F6,测试报警触发_报警信息显示279,Testalarmtrigger-Alarminformationdisplay279
_13508453,测试报警触发_报警信息显示280,Testalarmtrigger-Alarminformationdisplay280
_987CF007,测试报警触发_报警信息显示281,Testalarmtrigger-Alarminformationdisplay281
_6609E984,测试报警触发_报警信息显示282,Testalarmtrigger-Alarminformationdisplay282
_93DBAA22,测试报警触发_报警信息显示283,Testalarmtrigger-Alarminformationdisplay283
_EDB75F31,测试报警触发_报警信息显示284,Testalarmtrigger-Alarminformationdisplay284
_643A156F,测试报警触发_报警信息显示285,Testalarmtrigger-Alarminformationdisplay285
_BD699334,测试报警触发_报警信息显示286,Testalarmtrigger-Alarminformationdisplay286
_B64B1033,测试报警触发_报警信息显示287,Testalarmtrigger-Alarminformationdisplay287
_139AC719,测试报警触发_报警信息显示288,Testalarmtrigger-Alarminformationdisplay288
_EFD78011,测试报警触发_报警信息显示289,Testalarmtrigger-Alarminformationdisplay289
_094F00C3,测试报警触发_报警信息显示290,Testalarmtrigger-Alarminformationdisplay290
_0BD1C000,测试报警触发_报警信息显示291,Testalarmtrigger-Alarminformationdisplay291
_0B86237A,测试报警触发_报警信息显示292,Testalarmtrigger-Alarminformationdisplay292
_0C9915C4,测试报警触发_报警信息显示293,Testalarmtrigger-Alarminformationdisplay293
_7839AE34,测试报警触发_报警信息显示294,Testalarmtrigger-Alarminformationdisplay294
_73F34B91,测试报警触发_报警信息显示295,Testalarmtrigger-Alarminformationdisplay295
_851C98B6,测试报警触发_报警信息显示296,Testalarmtrigger-Alarminformationdisplay296
_54E3EF05,测试报警触发_报警信息显示297,Testalarmtrigger-Alarminformationdisplay297
_3B325E7B,测试报警触发_报警信息显示298,Testalarmtrigger-Alarminformationdisplay298
_3F294B5F,测试报警触发_报警信息显示299,Testalarmtrigger-Alarminformationdisplay299
_7C9E8A8D,测试报警触发_报警信息显示300,Testalarmtrigger-Alarminformationdisplay300
_94D04D43,测试报警触发_报警信息显示301,Testalarmtrigger-Alarminformationdisplay301
_82EB32FA,测试报警触发_报警信息显示302,Testalarmtrigger-Alarminformationdisplay302
_963DFF11,测试报警触发_报警信息显示303,Testalarmtrigger-Alarminformationdisplay303
_5BCC7C76,测试报警触发_报警信息显示304,Testalarmtrigger-Alarminformationdisplay304
_6E066F18,测试报警触发_报警信息显示305,Testalarmtrigger-Alarminformationdisplay305
_32C398EF,测试报警触发_报警信息显示306,Testalarmtrigger-Alarminformationdisplay306
_F94DA81D,测试报警触发_报警信息显示307,Testalarmtrigger-Alarminformationdisplay307
_C9759ACE,测试报警触发_报警信息显示308,Testalarmtrigger-Alarminformationdisplay308
_60E9061D,测试报警触发_报警信息显示309,Testalarmtrigger-Alarminformationdisplay309
_AF4337D2,测试报警触发_报警信息显示310,Testalarmtrigger-Alarminformationdisplay310
_122E92CD,测试报警触发_报警信息显示311,Testalarmtrigger-Alarminformationdisplay311
_3C8FBB06,测试报警触发_报警信息显示312,Testalarmtrigger-Alarminformationdisplay312
_493C2CCE,测试报警触发_报警信息显示313,Testalarmtrigger-Alarminformationdisplay313
_DAF8B607,测试报警触发_报警信息显示314,Testalarmtrigger-Alarminformationdisplay314
_D26FE3D8,测试组4,AlarmGroup4
_1C48B5A5,测试报警触发_报警信息显示315,Testalarmtrigger-Alarminformationdisplay315
_D65E0B12,测试报警触发_报警信息显示316,Testalarmtrigger-Alarminformationdisplay316
_988427F5,测试报警触发_报警信息显示317,Testalarmtrigger-Alarminformationdisplay317
_1B8881C1,测试报警触发_报警信息显示318,Testalarmtrigger-Alarminformationdisplay318
_D1053F02,测试报警触发_报警信息显示319,Testalarmtrigger-Alarminformationdisplay319
_E5ECD6DD,测试报警触发_报警信息显示320,Testalarmtrigger-Alarminformationdisplay320
_DC9B633E,测试报警触发_报警信息显示321,Testalarmtrigger-Alarminformationdisplay321
_3E9C16A8,测试报警触发_报警信息显示322,Testalarmtrigger-Alarminformationdisplay322
_47E7E85E,测试报警触发_报警信息显示323,Testalarmtrigger-Alarminformationdisplay323
_0845480A,测试报警触发_报警信息显示324,Testalarmtrigger-Alarminformationdisplay324
_3A1A57B2,测试报警触发_报警信息显示325,Testalarmtrigger-Alarminformationdisplay325
_83B124A3,测试报警触发_报警信息显示326,Testalarmtrigger-Alarminformationdisplay326
_A407B2C6,测试报警触发_报警信息显示327,Testalarmtrigger-Alarminformationdisplay327
_F2F13657,测试报警触发_报警信息显示328,Testalarmtrigger-Alarminformationdisplay328
_AAC80335,测试报警触发_报警信息显示329,Testalarmtrigger-Alarminformationdisplay329
_41617D28,测试报警触发_报警信息显示330,Testalarmtrigger-Alarminformationdisplay330
_E64B8302,测试报警触发_报警信息显示331,Testalarmtrigger-Alarminformationdisplay331
_4F246843,测试报警触发_报警信息显示332,Testalarmtrigger-Alarminformationdisplay332
_35D51CA0,测试报警触发_报警信息显示333,Testalarmtrigger-Alarminformationdisplay333
_6AB9030F,测试报警触发_报警信息显示334,Testalarmtrigger-Alarminformationdisplay334
_FE0F2479,测试报警触发_报警信息显示335,Testalarmtrigger-Alarminformationdisplay335
_5D01AA21,测试报警触发_报警信息显示336,Testalarmtrigger-Alarminformationdisplay336
_5074B10F,测试报警触发_报警信息显示337,Testalarmtrigger-Alarminformationdisplay337
_65DDC067,测试报警触发_报警信息显示338,Testalarmtrigger-Alarminformationdisplay338
_B63413AD,测试报警触发_报警信息显示339,Testalarmtrigger-Alarminformationdisplay339
_C013F93C,测试报警触发_报警信息显示340,Testalarmtrigger-Alarminformationdisplay340
_880A369D,测试报警触发_报警信息显示341,Testalarmtrigger-Alarminformationdisplay341
_14B813A5,测试报警触发_报警信息显示342,Testalarmtrigger-Alarminformationdisplay342
_D76240EF,测试报警触发_报警信息显示343,Testalarmtrigger-Alarminformationdisplay343
_49706853,测试报警触发_报警信息显示344,Testalarmtrigger-Alarminformationdisplay344
_96500E82,测试报警触发_报警信息显示345,Testalarmtrigger-Alarminformationdisplay345
_7E065434,测试报警触发_报警信息显示346,Testalarmtrigger-Alarminformationdisplay346
_65772CBF,测试报警触发_报警信息显示347,Testalarmtrigger-Alarminformationdisplay347
_824E68A4,测试报警触发_报警信息显示348,Testalarmtrigger-Alarminformationdisplay348
_E05C0EAD,测试报警触发_报警信息显示349,Testalarmtrigger-Alarminformationdisplay349
_B1D2F863,测试报警触发_报警信息显示350,Testalarmtrigger-Alarminformationdisplay350
_4A85F081,测试报警触发_报警信息显示351,Testalarmtrigger-Alarminformationdisplay351
_963F0C0D,测试报警触发_报警信息显示352,Testalarmtrigger-Alarminformationdisplay352
_F6940C36,测试报警触发_报警信息显示353,Testalarmtrigger-Alarminformationdisplay353
_D657BCB7,测试报警触发_报警信息显示354,Testalarmtrigger-Alarminformationdisplay354
_A370D050,测试报警触发_报警信息显示355,Testalarmtrigger-Alarminformationdisplay355
_A4EFBCE4,测试报警触发_报警信息显示356,Testalarmtrigger-Alarminformationdisplay356
_ED3346C4,测试报警触发_报警信息显示357,Testalarmtrigger-Alarminformationdisplay357
_42F2DCC1,测试报警触发_报警信息显示358,Testalarmtrigger-Alarminformationdisplay358
_6AB9F200,测试报警触发_报警信息显示359,Testalarmtrigger-Alarminformationdisplay359
_1EEA1BE6,测试报警触发_报警信息显示360,Testalarmtrigger-Alarminformationdisplay360
_626C02D8,测试报警触发_报警信息显示361,Testalarmtrigger-Alarminformationdisplay361
_FEE222DD,测试报警触发_报警信息显示362,Testalarmtrigger-Alarminformationdisplay362
_C9581AF6,测试报警触发_报警信息显示363,Testalarmtrigger-Alarminformationdisplay363
_53388A96,测试报警触发_报警信息显示364,Testalarmtrigger-Alarminformationdisplay364
_4262D4D4,测试报警触发_报警信息显示365,Testalarmtrigger-Alarminformationdisplay365
_BEE17165,测试报警触发_报警信息显示366,Testalarmtrigger-Alarminformationdisplay366
_5881920F,测试报警触发_报警信息显示367,Testalarmtrigger-Alarminformationdisplay367
_DAFF7587,测试报警触发_报警信息显示368,Testalarmtrigger-Alarminformationdisplay368
_2ECAC8EB,测试报警触发_报警信息显示369,Testalarmtrigger-Alarminformationdisplay369
_901682C2,测试报警触发_报警信息显示370,Testalarmtrigger-Alarminformationdisplay370
_AA056BC5,测试报警触发_报警信息显示371,Testalarmtrigger-Alarminformationdisplay371
_ED252BCF,测试报警触发_报警信息显示372,Testalarmtrigger-Alarminformationdisplay372
_BBF1FEE0,测试报警触发_报警信息显示373,Testalarmtrigger-Alarminformationdisplay373
_8E768720,测试报警触发_报警信息显示374,Testalarmtrigger-Alarminformationdisplay374
_6E543BDC,测试报警触发_报警信息显示375,Testalarmtrigger-Alarminformationdisplay375
_6E53083B,测试报警触发_报警信息显示376,Testalarmtrigger-Alarminformationdisplay376
_43FC3C9D,测试报警触发_报警信息显示377,Testalarmtrigger-Alarminformationdisplay377
_8971C1AC,测试报警触发_报警信息显示378,Testalarmtrigger-Alarminformationdisplay378
_82F1237A,测试报警触发_报警信息显示379,Testalarmtrigger-Alarminformationdisplay379
_5BEC91C1,测试报警触发_报警信息显示380,Testalarmtrigger-Alarminformationdisplay380
_C1A38999,测试报警触发_报警信息显示381,Testalarmtrigger-Alarminformationdisplay381
_4C9BD360,测试报警触发_报警信息显示382,Testalarmtrigger-Alarminformationdisplay382
_216E8D5E,测试报警触发_报警信息显示383,Testalarmtrigger-Alarminformationdisplay383
_8B559C91,测试报警触发_报警信息显示384,Testalarmtrigger-Alarminformationdisplay384
_76A9AE3C,测试报警触发_报警信息显示385,Testalarmtrigger-Alarminformationdisplay385
_7F48B1E2,测试报警触发_报警信息显示386,Testalarmtrigger-Alarminformationdisplay386
_C7AD5B50,测试报警触发_报警信息显示387,Testalarmtrigger-Alarminformationdisplay387
_2DBA4142,测试报警触发_报警信息显示388,Testalarmtrigger-Alarminformationdisplay388
_0C3BF561,测试报警触发_报警信息显示389,Testalarmtrigger-Alarminformationdisplay389
_FDD486F4,测试报警触发_报警信息显示390,Testalarmtrigger-Alarminformationdisplay390
_3EE8ED8A,测试报警触发_报警信息显示391,Testalarmtrigger-Alarminformationdisplay391
_5E1FC84E,测试报警触发_报警信息显示392,Testalarmtrigger-Alarminformationdisplay392
_703D8D1D,测试报警触发_报警信息显示393,Testalarmtrigger-Alarminformationdisplay393
_3508648B,测试报警触发_报警信息显示394,Testalarmtrigger-Alarminformationdisplay394
_9E764BE6,测试报警触发_报警信息显示395,Testalarmtrigger-Alarminformationdisplay395
_7E4337F6,测试报警触发_报警信息显示396,Testalarmtrigger-Alarminformationdisplay396
_CAE653A8,测试报警触发_报警信息显示397,Testalarmtrigger-Alarminformationdisplay397
_56964C0C,测试报警触发_报警信息显示398,Testalarmtrigger-Alarminformationdisplay398
_6E362EF2,测试报警触发_报警信息显示399,Testalarmtrigger-Alarminformationdisplay399
_8235B99C,测试组5,AlarmGroup5
_7F7331D3,测试报警触发_报警信息显示400,Testalarmtrigger-Alarminformationdisplay400
_1EB60B16,测试报警触发_报警信息显示401,Testalarmtrigger-Alarminformationdisplay401
_193641FF,测试报警触发_报警信息显示402,Testalarmtrigger-Alarminformationdisplay402
_ACF7E863,测试报警触发_报警信息显示403,Testalarmtrigger-Alarminformationdisplay403
_869D2EFD,测试报警触发_报警信息显示404,Testalarmtrigger-Alarminformationdisplay404
_45A43EC1,测试报警触发_报警信息显示405,Testalarmtrigger-Alarminformationdisplay405
_EDBF82D3,测试报警触发_报警信息显示406,Testalarmtrigger-Alarminformationdisplay406
_CFFF026F,测试报警触发_报警信息显示407,Testalarmtrigger-Alarminformationdisplay407
_E7D7E4DD,测试报警触发_报警信息显示408,Testalarmtrigger-Alarminformationdisplay408
_C38D07B3,测试报警触发_报警信息显示409,Testalarmtrigger-Alarminformationdisplay409
_0A947A02,测试报警触发_报警信息显示410,Testalarmtrigger-Alarminformationdisplay410
_0F48B1E4,测试报警触发_报警信息显示411,Testalarmtrigger-Alarminformationdisplay411
_BA9C12A2,测试报警触发_报警信息显示412,Testalarmtrigger-Alarminformationdisplay412
_50FFF758,测试报警触发_报警信息显示413,Testalarmtrigger-Alarminformationdisplay413
_3F267288,测试报警触发_报警信息显示414,Testalarmtrigger-Alarminformationdisplay414
_EF720BB6,测试报警触发_报警信息显示415,Testalarmtrigger-Alarminformationdisplay415
_CC53DCAE,测试报警触发_报警信息显示416,Testalarmtrigger-Alarminformationdisplay416
_1922F660,测试报警触发_报警信息显示417,Testalarmtrigger-Alarminformationdisplay417
_57643006,测试报警触发_报警信息显示418,Testalarmtrigger-Alarminformationdisplay418
_4C5D6B98,测试报警触发_报警信息显示419,Testalarmtrigger-Alarminformationdisplay419
_8AC0E9B6,测试报警触发_报警信息显示420,Testalarmtrigger-Alarminformationdisplay420
_73B90FBA,测试报警触发_报警信息显示421,Testalarmtrigger-Alarminformationdisplay421
_6804DC2E,测试报警触发_报警信息显示422,Testalarmtrigger-Alarminformationdisplay422
_DE3AE3DC,测试报警触发_报警信息显示423,Testalarmtrigger-Alarminformationdisplay423
_5A19AB0F,测试报警触发_报警信息显示424,Testalarmtrigger-Alarminformationdisplay424
_9323D99A,测试报警触发_报警信息显示425,Testalarmtrigger-Alarminformationdisplay425
_7AA908C9,测试报警触发_报警信息显示426,Testalarmtrigger-Alarminformationdisplay426
_88616271,测试报警触发_报警信息显示427,Testalarmtrigger-Alarminformationdisplay427
_7EDA1CE2,测试报警触发_报警信息显示428,Testalarmtrigger-Alarminformationdisplay428
_CE2BF32C,测试报警触发_报警信息显示429,Testalarmtrigger-Alarminformationdisplay429
_919770FB,测试报警触发_报警信息显示430,Testalarmtrigger-Alarminformationdisplay430
_BA79D883,测试报警触发_报警信息显示431,Testalarmtrigger-Alarminformationdisplay431
_CC9869C7,测试报警触发_报警信息显示432,Testalarmtrigger-Alarminformationdisplay432
_5EAA874D,测试报警触发_报警信息显示433,Testalarmtrigger-Alarminformationdisplay433
_7FE8BBE0,测试报警触发_报警信息显示434,Testalarmtrigger-Alarminformationdisplay434
_E7E4A5FF,测试报警触发_报警信息显示435,Testalarmtrigger-Alarminformationdisplay435
_6FFBE967,测试报警触发_报警信息显示436,Testalarmtrigger-Alarminformationdisplay436
_93F612CC,测试报警触发_报警信息显示437,Testalarmtrigger-Alarminformationdisplay437
_930E7F2B,测试报警触发_报警信息显示438,Testalarmtrigger-Alarminformationdisplay438
_DFE78452,测试报警触发_报警信息显示439,Testalarmtrigger-Alarminformationdisplay439
_9F1276CA,测试报警触发_报警信息显示440,Testalarmtrigger-Alarminformationdisplay440
_7F5D06F1,测试报警触发_报警信息显示441,Testalarmtrigger-Alarminformationdisplay441
_393A7DA7,测试报警触发_报警信息显示442,Testalarmtrigger-Alarminformationdisplay442
_E96237A7,测试报警触发_报警信息显示443,Testalarmtrigger-Alarminformationdisplay443
_0F60F3F4,测试报警触发_报警信息显示444,Testalarmtrigger-Alarminformationdisplay444
_1812EADD,测试报警触发_报警信息显示445,Testalarmtrigger-Alarminformationdisplay445
_33ECCED9,测试报警触发_报警信息显示446,Testalarmtrigger-Alarminformationdisplay446
_0069A700,测试报警触发_报警信息显示447,Testalarmtrigger-Alarminformationdisplay447
_33362223,测试报警触发_报警信息显示448,Testalarmtrigger-Alarminformationdisplay448
_9F9B25A4,测试报警触发_报警信息显示449,Testalarmtrigger-Alarminformationdisplay449
_520CDF6C,测试报警触发_报警信息显示450,Testalarmtrigger-Alarminformationdisplay450
_AA2B9D6C,测试组6,AlarmGroup6
_77D32868,测试报警触发_报警信息显示451,Testalarmtrigger-Alarminformationdisplay451
_2A1CA0A2,测试报警触发_报警信息显示452,Testalarmtrigger-Alarminformationdisplay452
_AE403DB6,测试报警触发_报警信息显示453,Testalarmtrigger-Alarminformationdisplay453
_E7674CFF,测试报警触发_报警信息显示454,Testalarmtrigger-Alarminformationdisplay454
_E4C2B29D,测试报警触发_报警信息显示455,Testalarmtrigger-Alarminformationdisplay455
_3C8D6CB9,测试报警触发_报警信息显示456,Testalarmtrigger-Alarminformationdisplay456
_19000FB3,测试报警触发_报警信息显示457,Testalarmtrigger-Alarminformationdisplay457
_0BFFEF04,测试报警触发_报警信息显示458,Testalarmtrigger-Alarminformationdisplay458
_2CCB479A,测试报警触发_报警信息显示459,Testalarmtrigger-Alarminformationdisplay459
_E694E4E7,测试报警触发_报警信息显示460,Testalarmtrigger-Alarminformationdisplay460
_781DB1B0,测试报警触发_报警信息显示461,Testalarmtrigger-Alarminformationdisplay461
_CDB861E2,测试报警触发_报警信息显示462,Testalarmtrigger-Alarminformationdisplay462
_1B6FC30F,测试报警触发_报警信息显示463,Testalarmtrigger-Alarminformationdisplay463
_A426E2E3,测试报警触发_报警信息显示464,Testalarmtrigger-Alarminformationdisplay464
_D234CEEB,测试报警触发_报警信息显示465,Testalarmtrigger-Alarminformationdisplay465
_A445A46A,测试报警触发_报警信息显示466,Testalarmtrigger-Alarminformationdisplay466
_463B6DA4,测试报警触发_报警信息显示467,Testalarmtrigger-Alarminformationdisplay467
_12BD7A78,测试报警触发_报警信息显示468,Testalarmtrigger-Alarminformationdisplay468
_2025ABD1,测试报警触发_报警信息显示469,Testalarmtrigger-Alarminformationdisplay469
_528D4747,测试报警触发_报警信息显示470,Testalarmtrigger-Alarminformationdisplay470
_A49F75E7,测试报警触发_报警信息显示471,Testalarmtrigger-Alarminformationdisplay471
_0AE6BF3F,测试报警触发_报警信息显示472,Testalarmtrigger-Alarminformationdisplay472
_E75CC1CA,测试报警触发_报警信息显示473,Testalarmtrigger-Alarminformationdisplay473
_B05269D3,测试报警触发_报警信息显示474,Testalarmtrigger-Alarminformationdisplay474
_15AE64F8,测试报警触发_报警信息显示475,Testalarmtrigger-Alarminformationdisplay475
_C238BBED,测试报警触发_报警信息显示476,Testalarmtrigger-Alarminformationdisplay476
_8FFBE755,测试报警触发_报警信息显示477,Testalarmtrigger-Alarminformationdisplay477
_37F5167D,测试报警触发_报警信息显示478,Testalarmtrigger-Alarminformationdisplay478
_CF8CF4C0,测试报警触发_报警信息显示479,Testalarmtrigger-Alarminformationdisplay479
_EEAFC464,测试报警触发_报警信息显示480,Testalarmtrigger-Alarminformationdisplay480
_F97F1D22,测试报警触发_报警信息显示481,Testalarmtrigger-Alarminformationdisplay481
_B81C00FF,测试报警触发_报警信息显示482,Testalarmtrigger-Alarminformationdisplay482
_55B36EA1,测试报警触发_报警信息显示483,Testalarmtrigger-Alarminformationdisplay483
_445779D1,测试报警触发_报警信息显示484,Testalarmtrigger-Alarminformationdisplay484
_2A5C5B56,测试报警触发_报警信息显示485,Testalarmtrigger-Alarminformationdisplay485
_0989509C,测试报警触发_报警信息显示486,Testalarmtrigger-Alarminformationdisplay486
_E90D64FA,测试报警触发_报警信息显示487,Testalarmtrigger-Alarminformationdisplay487
_18814F5C,测试报警触发_报警信息显示488,Testalarmtrigger-Alarminformationdisplay488
_F90D5ABA,测试报警触发_报警信息显示489,Testalarmtrigger-Alarminformationdisplay489
_4DDE742C,测试报警触发_报警信息显示490,Testalarmtrigger-Alarminformationdisplay490
_88429EE1,测试报警触发_报警信息显示491,Testalarmtrigger-Alarminformationdisplay491
_3673F621,测试报警触发_报警信息显示492,Testalarmtrigger-Alarminformationdisplay492
_B485C7BD,测试报警触发_报警信息显示493,Testalarmtrigger-Alarminformationdisplay493
_578C6938,测试报警触发_报警信息显示494,Testalarmtrigger-Alarminformationdisplay494
_E78F9E88,测试报警触发_报警信息显示495,Testalarmtrigger-Alarminformationdisplay495
_0D34847A,测试报警触发_报警信息显示496,Testalarmtrigger-Alarminformationdisplay496
_0BE45AA0,测试报警触发_报警信息显示497,Testalarmtrigger-Alarminformationdisplay497
_8C449829,测试报警触发_报警信息显示498,Testalarmtrigger-Alarminformationdisplay498
_7F1E24A5,测试报警触发_报警信息显示499,Testalarmtrigger-Alarminformationdisplay499
_D2C2CBA7,测试报警触发_报警信息显示500,Testalarmtrigger-Alarminformationdisplay500
_442E9F04,测试报警触发_报警信息显示501,Testalarmtrigger-Alarminformationdisplay501
_14799AEB,测试报警触发_报警信息显示502,Testalarmtrigger-Alarminformationdisplay502
_07161F18,测试报警触发_报警信息显示503,Testalarmtrigger-Alarminformationdisplay503
_C348EB7C,测试报警触发_报警信息显示504,Testalarmtrigger-Alarminformationdisplay504
_167CB094,测试报警触发_报警信息显示505,Testalarmtrigger-Alarminformationdisplay505
_2B89993B,测试报警触发_报警信息显示506,Testalarmtrigger-Alarminformationdisplay506
_AF34CCE3,测试报警触发_报警信息显示507,Testalarmtrigger-Alarminformationdisplay507
_BFDD2762,测试报警触发_报警信息显示508,Testalarmtrigger-Alarminformationdisplay508
_96D099FF,测试报警触发_报警信息显示509,Testalarmtrigger-Alarminformationdisplay509
_A39143D9,测试报警触发_报警信息显示510,Testalarmtrigger-Alarminformationdisplay510
_C4C9B45E,测试报警触发_报警信息显示511,Testalarmtrigger-Alarminformationdisplay511
_DEF2C547,测试报警触发_报警信息显示512,Testalarmtrigger-Alarminformationdisplay512
_A64C6960,测试报警触发_报警信息显示513,Testalarmtrigger-Alarminformationdisplay513
_438AA340,测试报警触发_报警信息显示514,Testalarmtrigger-Alarminformationdisplay514
_A71EB3B4,测试报警触发_报警信息显示515,Testalarmtrigger-Alarminformationdisplay515
_46A364F9,测试报警触发_报警信息显示516,Testalarmtrigger-Alarminformationdisplay516
_62457E64,测试报警触发_报警信息显示517,Testalarmtrigger-Alarminformationdisplay517
_070B0D69,测试报警触发_报警信息显示518,Testalarmtrigger-Alarminformationdisplay518
_5807E54A,测试报警触发_报警信息显示519,Testalarmtrigger-Alarminformationdisplay519
_36114252,测试报警触发_报警信息显示520,Testalarmtrigger-Alarminformationdisplay520
_E16BABF4,测试报警触发_报警信息显示521,Testalarmtrigger-Alarminformationdisplay521
_9F0E8908,测试报警触发_报警信息显示522,Testalarmtrigger-Alarminformationdisplay522
_8BB1F549,测试报警触发_报警信息显示523,Testalarmtrigger-Alarminformationdisplay523
_8210A55E,测试报警触发_报警信息显示524,Testalarmtrigger-Alarminformationdisplay524
_6E8170F6,测试报警触发_报警信息显示525,Testalarmtrigger-Alarminformationdisplay525
_FD6CE9EB,测试报警触发_报警信息显示526,Testalarmtrigger-Alarminformationdisplay526
_BFA0FA8A,测试报警触发_报警信息显示527,Testalarmtrigger-Alarminformationdisplay527
_7EE79BAE,测试报警触发_报警信息显示528,Testalarmtrigger-Alarminformationdisplay528
_85AA5F09,测试报警触发_报警信息显示529,Testalarmtrigger-Alarminformationdisplay529
_1B9E1B86,测试报警触发_报警信息显示530,Testalarmtrigger-Alarminformationdisplay530
_71F54329,测试报警触发_报警信息显示531,Testalarmtrigger-Alarminformationdisplay531
_DD4ED2C5,测试报警触发_报警信息显示532,Testalarmtrigger-Alarminformationdisplay532
_DAE319D8,测试报警触发_报警信息显示533,Testalarmtrigger-Alarminformationdisplay533
_20A914A8,测试报警触发_报警信息显示534,Testalarmtrigger-Alarminformationdisplay534
_8C3EB0DF,测试报警触发_报警信息显示535,Testalarmtrigger-Alarminformationdisplay535
_41F0BCBF,测试报警触发_报警信息显示536,Testalarmtrigger-Alarminformationdisplay536
_6EEC5B29,测试报警触发_报警信息显示537,Testalarmtrigger-Alarminformationdisplay537
_F10741E5,测试报警触发_报警信息显示538,Testalarmtrigger-Alarminformationdisplay538
_639D1FD1,测试报警触发_报警信息显示539,Testalarmtrigger-Alarminformationdisplay539
_4DB7C682,测试报警触发_报警信息显示540,Testalarmtrigger-Alarminformationdisplay540
_6910515E,测试报警触发_报警信息显示541,Testalarmtrigger-Alarminformationdisplay541
_57D9353A,测试报警触发_报警信息显示542,Testalarmtrigger-Alarminformationdisplay542
_C7687C9D,测试报警触发_报警信息显示543,Testalarmtrigger-Alarminformationdisplay543
_DD39F40A,测试报警触发_报警信息显示544,Testalarmtrigger-Alarminformationdisplay544
_1B45732A,测试报警触发_报警信息显示545,Testalarmtrigger-Alarminformationdisplay545
_9AF7381E,测试报警触发_报警信息显示546,Testalarmtrigger-Alarminformationdisplay546
_6A8FF917,测试报警触发_报警信息显示547,Testalarmtrigger-Alarminformationdisplay547
_76CB3B7C,测试报警触发_报警信息显示548,Testalarmtrigger-Alarminformationdisplay548
_D788C446,测试报警触发_报警信息显示549,Testalarmtrigger-Alarminformationdisplay549
_ABD4C06E,测试报警触发_报警信息显示550,Testalarmtrigger-Alarminformationdisplay550
_3B815C0C,测试报警触发_报警信息显示551,Testalarmtrigger-Alarminformationdisplay551
_6E41D8A5,测试报警触发_报警信息显示552,Testalarmtrigger-Alarminformationdisplay552
_1950C303,测试报警触发_报警信息显示553,Testalarmtrigger-Alarminformationdisplay553
_742A599B,测试报警触发_报警信息显示554,Testalarmtrigger-Alarminformationdisplay554
_958DE89A,测试报警触发_报警信息显示555,Testalarmtrigger-Alarminformationdisplay555
_973095E8,测试报警触发_报警信息显示556,Testalarmtrigger-Alarminformationdisplay556
_BA39B319,测试报警触发_报警信息显示557,Testalarmtrigger-Alarminformationdisplay557
_5083F699,测试报警触发_报警信息显示558,Testalarmtrigger-Alarminformationdisplay558
_E6629CCD,测试报警触发_报警信息显示559,Testalarmtrigger-Alarminformationdisplay559
_4A3FED8C,测试组7,AlarmGroup7
_9685AF30,测试报警触发_报警信息显示560,Testalarmtrigger-Alarminformationdisplay560
_06F0E995,测试报警触发_报警信息显示561,Testalarmtrigger-Alarminformationdisplay561
_AD7A2AF3,测试报警触发_报警信息显示562,Testalarmtrigger-Alarminformationdisplay562
_353DC154,测试报警触发_报警信息显示563,Testalarmtrigger-Alarminformationdisplay563
_5A85B5E1,测试报警触发_报警信息显示564,Testalarmtrigger-Alarminformationdisplay564
_70FD204E,测试报警触发_报警信息显示565,Testalarmtrigger-Alarminformationdisplay565
_BEDD5A32,测试报警触发_报警信息显示566,Testalarmtrigger-Alarminformationdisplay566
_EB8CBBBF,测试报警触发_报警信息显示567,Testalarmtrigger-Alarminformationdisplay567
_36E04E90,测试报警触发_报警信息显示568,Testalarmtrigger-Alarminformationdisplay568
_8447432C,测试报警触发_报警信息显示569,Testalarmtrigger-Alarminformationdisplay569
_18F2BE51,测试报警触发_报警信息显示570,Testalarmtrigger-Alarminformationdisplay570
_EABDFC09,测试报警触发_报警信息显示571,Testalarmtrigger-Alarminformationdisplay571
_00A7842A,测试报警触发_报警信息显示572,Testalarmtrigger-Alarminformationdisplay572
_0775A806,测试报警触发_报警信息显示573,Testalarmtrigger-Alarminformationdisplay573
_4F0C0FCF,测试报警触发_报警信息显示574,Testalarmtrigger-Alarminformationdisplay574
_87013E3A,测试报警触发_报警信息显示575,Testalarmtrigger-Alarminformationdisplay575
_A44B8095,测试报警触发_报警信息显示576,Testalarmtrigger-Alarminformationdisplay576
_C79C7C5A,测试报警触发_报警信息显示577,Testalarmtrigger-Alarminformationdisplay577
_9D76536A,测试报警触发_报警信息显示578,Testalarmtrigger-Alarminformationdisplay578
_128872D7,测试报警触发_报警信息显示579,Testalarmtrigger-Alarminformationdisplay579
_6762D91F,测试报警触发_报警信息显示580,Testalarmtrigger-Alarminformationdisplay580
_72FE65CA,测试报警触发_报警信息显示581,Testalarmtrigger-Alarminformationdisplay581
_82E4EE99,测试报警触发_报警信息显示582,Testalarmtrigger-Alarminformationdisplay582
_191CB2B9,测试报警触发_报警信息显示583,Testalarmtrigger-Alarminformationdisplay583
_3EE0E99D,测试报警触发_报警信息显示584,Testalarmtrigger-Alarminformationdisplay584
_542DFD6C,测试报警触发_报警信息显示585,Testalarmtrigger-Alarminformationdisplay585
_4457758C,测试报警触发_报警信息显示586,Testalarmtrigger-Alarminformationdisplay586
_3E559B37,测试报警触发_报警信息显示587,Testalarmtrigger-Alarminformationdisplay587
_7650E76A,测试报警触发_报警信息显示588,Testalarmtrigger-Alarminformationdisplay588
_4FB76EC9,测试报警触发_报警信息显示589,Testalarmtrigger-Alarminformationdisplay589
_2385EFD5,测试报警触发_报警信息显示590,Testalarmtrigger-Alarminformationdisplay590
_ED256040,测试报警触发_报警信息显示591,Testalarmtrigger-Alarminformationdisplay591
_7F2A7A2F,测试报警触发_报警信息显示592,Testalarmtrigger-Alarminformationdisplay592
_A005820A,测试报警触发_报警信息显示593,Testalarmtrigger-Alarminformationdisplay593
_ABA88953,测试报警触发_报警信息显示594,Testalarmtrigger-Alarminformationdisplay594
_04D5ED3C,测试报警触发_报警信息显示595,Testalarmtrigger-Alarminformationdisplay595
_62606B29,测试报警触发_报警信息显示596,Testalarmtrigger-Alarminformationdisplay596
_8B6E14CF,测试报警触发_报警信息显示597,Testalarmtrigger-Alarminformationdisplay597
_B071ACA0,测试报警触发_报警信息显示598,Testalarmtrigger-Alarminformationdisplay598
_F19F76F1,测试报警触发_报警信息显示599,Testalarmtrigger-Alarminformationdisplay599
_B312AA55,测试报警触发_报警信息显示600,Testalarmtrigger-Alarminformationdisplay600
_E2797F44,测试报警触发_报警信息显示601,Testalarmtrigger-Alarminformationdisplay601
_B250E1CE,测试报警触发_报警信息显示602,Testalarmtrigger-Alarminformationdisplay602
_0532EC77,测试报警触发_报警信息显示603,Testalarmtrigger-Alarminformationdisplay603
_66F0B27D,测试报警触发_报警信息显示604,Testalarmtrigger-Alarminformationdisplay604
_E75DEB3B,测试报警触发_报警信息显示605,Testalarmtrigger-Alarminformationdisplay605
_FCAB1378,测试报警触发_报警信息显示606,Testalarmtrigger-Alarminformationdisplay606
_D5F8B347,测试报警触发_报警信息显示607,Testalarmtrigger-Alarminformationdisplay607
_0A564EA8,测试报警触发_报警信息显示608,Testalarmtrigger-Alarminformationdisplay608
_9762E778,测试报警触发_报警信息显示609,Testalarmtrigger-Alarminformationdisplay609
_0DF934B1,测试报警触发_报警信息显示610,Testalarmtrigger-Alarminformationdisplay610
_A7D8DA05,测试报警触发_报警信息显示611,Testalarmtrigger-Alarminformationdisplay611
_699DE5E2,测试报警触发_报警信息显示612,Testalarmtrigger-Alarminformationdisplay612
_3ECACC4C,测试报警触发_报警信息显示613,Testalarmtrigger-Alarminformationdisplay613
_EF0E8FE7,测试报警触发_报警信息显示614,Testalarmtrigger-Alarminformationdisplay614
_46200EFF,测试报警触发_报警信息显示615,Testalarmtrigger-Alarminformationdisplay615
_AEE5D24F,测试报警触发_报警信息显示616,Testalarmtrigger-Alarminformationdisplay616
_45002C0C,测试报警触发_报警信息显示617,Testalarmtrigger-Alarminformationdisplay617
_789723EA,测试报警触发_报警信息显示618,Testalarmtrigger-Alarminformationdisplay618
_6734E3FA,测试报警触发_报警信息显示619,Testalarmtrigger-Alarminformationdisplay619
_BAABC65F,测试报警触发_报警信息显示620,Testalarmtrigger-Alarminformationdisplay620
_26026716,测试报警触发_报警信息显示621,Testalarmtrigger-Alarminformationdisplay621
_93E28BA8,测试报警触发_报警信息显示622,Testalarmtrigger-Alarminformationdisplay622
_0B638B80,测试报警触发_报警信息显示623,Testalarmtrigger-Alarminformationdisplay623
_6095131F,测试报警触发_报警信息显示624,Testalarmtrigger-Alarminformationdisplay624
_54724DFB,测试报警触发_报警信息显示625,Testalarmtrigger-Alarminformationdisplay625
_B801A1A5,测试报警触发_报警信息显示626,Testalarmtrigger-Alarminformationdisplay626
_1FE9E3EA,测试报警触发_报警信息显示627,Testalarmtrigger-Alarminformationdisplay627
_423CEC75,测试报警触发_报警信息显示628,Testalarmtrigger-Alarminformationdisplay628
_E3A85997,测试报警触发_报警信息显示629,Testalarmtrigger-Alarminformationdisplay629
_14DD6410,测试报警触发_报警信息显示630,Testalarmtrigger-Alarminformationdisplay630
_153C2438,测试报警触发_报警信息显示631,Testalarmtrigger-Alarminformationdisplay631
_BE093A3E,测试报警触发_报警信息显示632,Testalarmtrigger-Alarminformationdisplay632
_0745CE09,测试报警触发_报警信息显示633,Testalarmtrigger-Alarminformationdisplay633
_94B29A05,测试报警触发_报警信息显示634,Testalarmtrigger-Alarminformationdisplay634
_FB86434E,测试报警触发_报警信息显示635,Testalarmtrigger-Alarminformationdisplay635
_59E0C6DF,测试报警触发_报警信息显示636,Testalarmtrigger-Alarminformationdisplay636
_C7EDD7BA,测试报警触发_报警信息显示637,Testalarmtrigger-Alarminformationdisplay637
_30549DA0,测试报警触发_报警信息显示638,Testalarmtrigger-Alarminformationdisplay638
_A2507C19,测试报警触发_报警信息显示639,Testalarmtrigger-Alarminformationdisplay639
_EB2FC16A,测试报警触发_报警信息显示640,Testalarmtrigger-Alarminformationdisplay640
_84DD71E8,测试报警触发_报警信息显示641,Testalarmtrigger-Alarminformationdisplay641
_A29D331F,测试报警触发_报警信息显示642,Testalarmtrigger-Alarminformationdisplay642
_A8A4312F,测试报警触发_报警信息显示643,Testalarmtrigger-Alarminformationdisplay643
_1880835D,测试报警触发_报警信息显示644,Testalarmtrigger-Alarminformationdisplay644
_204DF7A7,测试报警触发_报警信息显示645,Testalarmtrigger-Alarminformationdisplay645
_B902DA97,测试报警触发_报警信息显示646,Testalarmtrigger-Alarminformationdisplay646
_29BB21EB,测试报警触发_报警信息显示647,Testalarmtrigger-Alarminformationdisplay647
_944EF649,测试报警触发_报警信息显示648,Testalarmtrigger-Alarminformationdisplay648
_5127006D,测试报警触发_报警信息显示649,Testalarmtrigger-Alarminformationdisplay649
_4567A0AF,测试报警触发_报警信息显示650,Testalarmtrigger-Alarminformationdisplay650
_F2AEB1A2,测试报警触发_报警信息显示651,Testalarmtrigger-Alarminformationdisplay651
_1E72DC5B,测试报警触发_报警信息显示652,Testalarmtrigger-Alarminformationdisplay652
_72FA0E22,测试报警触发_报警信息显示653,Testalarmtrigger-Alarminformationdisplay653
_EB70312E,测试报警触发_报警信息显示654,Testalarmtrigger-Alarminformationdisplay654
_F6A9B6DF,测试报警触发_报警信息显示655,Testalarmtrigger-Alarminformationdisplay655
_C96E98D2,测试报警触发_报警信息显示656,Testalarmtrigger-Alarminformationdisplay656
_69D300C9,测试报警触发_报警信息显示657,Testalarmtrigger-Alarminformationdisplay657
_967236CF,测试报警触发_报警信息显示658,Testalarmtrigger-Alarminformationdisplay658
_5AE47012,测试报警触发_报警信息显示659,Testalarmtrigger-Alarminformationdisplay659
_1B18725E,测试报警触发_报警信息显示660,Testalarmtrigger-Alarminformationdisplay660
_F52F6020,测试报警触发_报警信息显示661,Testalarmtrigger-Alarminformationdisplay661
_0B72AA90,测试报警触发_报警信息显示662,Testalarmtrigger-Alarminformationdisplay662
_B98D86C7,测试报警触发_报警信息显示663,Testalarmtrigger-Alarminformationdisplay663
_426840A7,测试报警触发_报警信息显示664,Testalarmtrigger-Alarminformationdisplay664
_82589E70,测试报警触发_报警信息显示665,Testalarmtrigger-Alarminformationdisplay665
_569A2A8B,测试报警触发_报警信息显示666,Testalarmtrigger-Alarminformationdisplay666
_9DC37CD5,测试报警触发_报警信息显示667,Testalarmtrigger-Alarminformationdisplay667
_43D33147,测试报警触发_报警信息显示668,Testalarmtrigger-Alarminformationdisplay668
_5E330586,测试报警触发_报警信息显示669,Testalarmtrigger-Alarminformationdisplay669
_9FE7F4E4,测试报警触发_报警信息显示670,Testalarmtrigger-Alarminformationdisplay670
_CE6A1226,测试报警触发_报警信息显示671,Testalarmtrigger-Alarminformationdisplay671
_43A75DB7,测试报警触发_报警信息显示672,Testalarmtrigger-Alarminformationdisplay672
_7B700E1E,测试报警触发_报警信息显示673,Testalarmtrigger-Alarminformationdisplay673
_9C70ED7C,测试报警触发_报警信息显示674,Testalarmtrigger-Alarminformationdisplay674
_30FC7814,测试报警触发_报警信息显示675,Testalarmtrigger-Alarminformationdisplay675
_85E1E8B2,测试报警触发_报警信息显示676,Testalarmtrigger-Alarminformationdisplay676
_4F15D79A,测试报警触发_报警信息显示677,Testalarmtrigger-Alarminformationdisplay677
_9BDBD23D,测试组7,AlarmGroup7
_A6B003BC,测试报警触发_报警信息显示678,Testalarmtrigger-Alarminformationdisplay678
_72D79D9D,测试报警触发_报警信息显示679,Testalarmtrigger-Alarminformationdisplay679
_A9F08D50,测试报警触发_报警信息显示680,Testalarmtrigger-Alarminformationdisplay680
_570E2225,测试报警触发_报警信息显示681,Testalarmtrigger-Alarminformationdisplay681
_832BA574,测试报警触发_报警信息显示682,Testalarmtrigger-Alarminformationdisplay682
_27EBC257,测试报警触发_报警信息显示683,Testalarmtrigger-Alarminformationdisplay683
_D46D1F52,测试报警触发_报警信息显示684,Testalarmtrigger-Alarminformationdisplay684
_73BDE6DB,测试报警触发_报警信息显示685,Testalarmtrigger-Alarminformationdisplay685
_B23E5521,测试报警触发_报警信息显示686,Testalarmtrigger-Alarminformationdisplay686
_FB0BCBCE,测试报警触发_报警信息显示687,Testalarmtrigger-Alarminformationdisplay687
_796DC5C6,测试报警触发_报警信息显示688,Testalarmtrigger-Alarminformationdisplay688
_5DAF6BEB,测试报警触发_报警信息显示689,Testalarmtrigger-Alarminformationdisplay689
_5057E38B,测试报警触发_报警信息显示690,Testalarmtrigger-Alarminformationdisplay690
_896A7F1E,测试报警触发_报警信息显示691,Testalarmtrigger-Alarminformationdisplay691
_F5E43174,测试报警触发_报警信息显示692,Testalarmtrigger-Alarminformationdisplay692
_E46751AB,测试报警触发_报警信息显示693,Testalarmtrigger-Alarminformationdisplay693
_21F68687,测试报警触发_报警信息显示694,Testalarmtrigger-Alarminformationdisplay694
_6DD8C3CB,测试报警触发_报警信息显示695,Testalarmtrigger-Alarminformationdisplay695
_30C01622,测试报警触发_报警信息显示696,Testalarmtrigger-Alarminformationdisplay696
_1C937FAA,测试报警触发_报警信息显示697,Testalarmtrigger-Alarminformationdisplay697
_F04AA8D2,测试报警触发_报警信息显示698,Testalarmtrigger-Alarminformationdisplay698
_5C13A13B,测试报警触发_报警信息显示699,Testalarmtrigger-Alarminformationdisplay699
_855CAC82,测试报警触发_报警信息显示700,Testalarmtrigger-Alarminformationdisplay700
_0C9563EC,测试报警触发_报警信息显示701,Testalarmtrigger-Alarminformationdisplay701
_D2A78EA3,测试报警触发_报警信息显示702,Testalarmtrigger-Alarminformationdisplay702
_93DE1E91,测试报警触发_报警信息显示703,Testalarmtrigger-Alarminformationdisplay703
_5B65AF2B,测试报警触发_报警信息显示704,Testalarmtrigger-Alarminformationdisplay704
_61D991F3,测试报警触发_报警信息显示705,Testalarmtrigger-Alarminformationdisplay705
_19599E97,测试报警触发_报警信息显示706,Testalarmtrigger-Alarminformationdisplay706
_1575C648,测试报警触发_报警信息显示707,Testalarmtrigger-Alarminformationdisplay707
_218D2E10,测试报警触发_报警信息显示708,Testalarmtrigger-Alarminformationdisplay708
_A1C9963F,测试报警触发_报警信息显示709,Testalarmtrigger-Alarminformationdisplay709
_0542F48F,测试报警触发_报警信息显示710,Testalarmtrigger-Alarminformationdisplay710
_819392A4,测试报警触发_报警信息显示711,Testalarmtrigger-Alarminformationdisplay711
_FBDE1001,测试报警触发_报警信息显示712,Testalarmtrigger-Alarminformationdisplay712
_E8D0467A,测试报警触发_报警信息显示713,Testalarmtrigger-Alarminformationdisplay713
_FFBEF221,测试报警触发_报警信息显示714,Testalarmtrigger-Alarminformationdisplay714
_697940D0,测试组8,AlarmGroup8
_4DA9B088,测试报警触发_报警信息显示715,Testalarmtrigger-Alarminformationdisplay715
_C0A78068,测试报警触发_报警信息显示716,Testalarmtrigger-Alarminformationdisplay716
_1AB4FAEE,测试报警触发_报警信息显示717,Testalarmtrigger-Alarminformationdisplay717
_9EAF452C,测试报警触发_报警信息显示718,Testalarmtrigger-Alarminformationdisplay718
_E21F7F61,测试报警触发_报警信息显示719,Testalarmtrigger-Alarminformationdisplay719
_2A95E742,测试报警触发_报警信息显示720,Testalarmtrigger-Alarminformationdisplay720
_60FD474F,测试报警触发_报警信息显示721,Testalarmtrigger-Alarminformationdisplay721
_6FEE739D,测试报警触发_报警信息显示722,Testalarmtrigger-Alarminformationdisplay722
_438F2D9B,测试报警触发_报警信息显示723,Testalarmtrigger-Alarminformationdisplay723
_41A55290,测试报警触发_报警信息显示724,Testalarmtrigger-Alarminformationdisplay724
_3D183680,测试报警触发_报警信息显示725,Testalarmtrigger-Alarminformationdisplay725
_F01DA259,测试报警触发_报警信息显示726,Testalarmtrigger-Alarminformationdisplay726
_8A755146,测试报警触发_报警信息显示727,Testalarmtrigger-Alarminformationdisplay727
_613814F8,测试报警触发_报警信息显示728,Testalarmtrigger-Alarminformationdisplay728
_3F3BC431,测试报警触发_报警信息显示729,Testalarmtrigger-Alarminformationdisplay729
_22240AE7,测试报警触发_报警信息显示730,Testalarmtrigger-Alarminformationdisplay730
_D00E0999,测试报警触发_报警信息显示731,Testalarmtrigger-Alarminformationdisplay731
_CE735A8C,测试报警触发_报警信息显示732,Testalarmtrigger-Alarminformationdisplay732
_239CED4F,测试报警触发_报警信息显示733,Testalarmtrigger-Alarminformationdisplay733
_99C6EE7D,测试报警触发_报警信息显示734,Testalarmtrigger-Alarminformationdisplay734
_0CCAFB65,测试报警触发_报警信息显示735,Testalarmtrigger-Alarminformationdisplay735
_699A2655,测试报警触发_报警信息显示736,Testalarmtrigger-Alarminformationdisplay736
_A1B4E4E9,测试报警触发_报警信息显示737,Testalarmtrigger-Alarminformationdisplay737
_EB837B20,测试报警触发_报警信息显示738,Testalarmtrigger-Alarminformationdisplay738
_DCA6E112,测试报警触发_报警信息显示739,Testalarmtrigger-Alarminformationdisplay739
_A0732F38,测试报警触发_报警信息显示740,Testalarmtrigger-Alarminformationdisplay740
_EB043DC1,测试报警触发_报警信息显示741,Testalarmtrigger-Alarminformationdisplay741
_CC70521C,测试报警触发_报警信息显示742,Testalarmtrigger-Alarminformationdisplay742
_6B9D2EC2,测试报警触发_报警信息显示743,Testalarmtrigger-Alarminformationdisplay743
_5621D43B,测试报警触发_报警信息显示744,Testalarmtrigger-Alarminformationdisplay744
_43FB5C3B,测试报警触发_报警信息显示745,Testalarmtrigger-Alarminformationdisplay745
_2F9F1CEA,测试报警触发_报警信息显示746,Testalarmtrigger-Alarminformationdisplay746
_0BE02A53,测试报警触发_报警信息显示747,Testalarmtrigger-Alarminformationdisplay747
_5AD0231B,测试报警触发_报警信息显示748,Testalarmtrigger-Alarminformationdisplay748
_FE2FB175,测试报警触发_报警信息显示749,Testalarmtrigger-Alarminformationdisplay749
_85C04A97,测试报警触发_报警信息显示750,Testalarmtrigger-Alarminformationdisplay750
_F5428D74,测试报警触发_报警信息显示751,Testalarmtrigger-Alarminformationdisplay751
_5E0E972C,测试报警触发_报警信息显示752,Testalarmtrigger-Alarminformationdisplay752
_DE037C44,测试报警触发_报警信息显示753,Testalarmtrigger-Alarminformationdisplay753
_08519A26,测试报警触发_报警信息显示754,Testalarmtrigger-Alarminformationdisplay754
_BD8DEA00,测试报警触发_报警信息显示755,Testalarmtrigger-Alarminformationdisplay755
_B11A7203,测试报警触发_报警信息显示756,Testalarmtrigger-Alarminformationdisplay756
_85C4A80C,测试组9,AlarmGroup9
_5451C7A5,测试报警触发_报警信息显示757,Testalarmtrigger-Alarminformationdisplay757
_2485F346,测试报警触发_报警信息显示758,Testalarmtrigger-Alarminformationdisplay758
_F7BE0BBF,测试报警触发_报警信息显示759,Testalarmtrigger-Alarminformationdisplay759
_CD94D885,测试报警触发_报警信息显示760,Testalarmtrigger-Alarminformationdisplay760
_97AEB83A,测试报警触发_报警信息显示761,Testalarmtrigger-Alarminformationdisplay761
_13CF5ADE,测试报警触发_报警信息显示762,Testalarmtrigger-Alarminformationdisplay762
_6F521149,测试报警触发_报警信息显示763,Testalarmtrigger-Alarminformationdisplay763
_CE7D4878,测试报警触发_报警信息显示764,Testalarmtrigger-Alarminformationdisplay764
_D2AD5D25,测试报警触发_报警信息显示765,Testalarmtrigger-Alarminformationdisplay765
_3E829D8B,测试报警触发_报警信息显示766,Testalarmtrigger-Alarminformationdisplay766
_F23A5DE6,测试报警触发_报警信息显示767,Testalarmtrigger-Alarminformationdisplay767
_DE675587,测试报警触发_报警信息显示768,Testalarmtrigger-Alarminformationdisplay768
_5EA786F9,测试报警触发_报警信息显示769,Testalarmtrigger-Alarminformationdisplay769
_CFAF2F23,测试报警触发_报警信息显示770,Testalarmtrigger-Alarminformationdisplay770
_125EEAE5,测试报警触发_报警信息显示771,Testalarmtrigger-Alarminformationdisplay771
_05A365C1,测试报警触发_报警信息显示772,Testalarmtrigger-Alarminformationdisplay772
_9C2EFD29,测试报警触发_报警信息显示773,Testalarmtrigger-Alarminformationdisplay773
_4E8CDBFE,测试报警触发_报警信息显示774,Testalarmtrigger-Alarminformationdisplay774
_48A430BA,测试报警触发_报警信息显示775,Testalarmtrigger-Alarminformationdisplay775
_6FFCC6E1,测试报警触发_报警信息显示776,Testalarmtrigger-Alarminformationdisplay776
_E13D334A,测试报警触发_报警信息显示777,Testalarmtrigger-Alarminformationdisplay777
_CB0ABED9,测试报警触发_报警信息显示778,Testalarmtrigger-Alarminformationdisplay778
_B819EE8A,测试报警触发_报警信息显示779,Testalarmtrigger-Alarminformationdisplay779
_4E1DFFB0,测试报警触发_报警信息显示780,Testalarmtrigger-Alarminformationdisplay780
_DA1D947C,测试组10,AlarmGroup10
_32159700,测试报警触发_报警信息显示781,Testalarmtrigger-Alarminformationdisplay781
_6DEC17A3,测试报警触发_报警信息显示782,Testalarmtrigger-Alarminformationdisplay782
_F0C9B890,测试报警触发_报警信息显示783,Testalarmtrigger-Alarminformationdisplay783
_BBE3EF1F,测试报警触发_报警信息显示784,Testalarmtrigger-Alarminformationdisplay784
_F995E330,测试报警触发_报警信息显示785,Testalarmtrigger-Alarminformationdisplay785
_3803FCB3,测试报警触发_报警信息显示786,Testalarmtrigger-Alarminformationdisplay786
_19773D93,测试报警触发_报警信息显示787,Testalarmtrigger-Alarminformationdisplay787
_BEB39885,测试报警触发_报警信息显示788,Testalarmtrigger-Alarminformationdisplay788
_F6BB8106,测试报警触发_报警信息显示789,Testalarmtrigger-Alarminformationdisplay789
_E3C01E60,测试报警触发_报警信息显示790,Testalarmtrigger-Alarminformationdisplay790
_CB86CB2B,测试报警触发_报警信息显示791,Testalarmtrigger-Alarminformationdisplay791
_700CCB07,测试报警触发_报警信息显示792,Testalarmtrigger-Alarminformationdisplay792
_F674F10E,测试报警触发_报警信息显示793,Testalarmtrigger-Alarminformationdisplay793
_981F36CB,测试报警触发_报警信息显示794,Testalarmtrigger-Alarminformationdisplay794
_9747C58C,测试报警触发_报警信息显示795,Testalarmtrigger-Alarminformationdisplay795
_6FFEE3BE,测试报警触发_报警信息显示796,Testalarmtrigger-Alarminformationdisplay796
_DB646FFB,测试报警触发_报警信息显示797,Testalarmtrigger-Alarminformationdisplay797
_3D2E847A,测试报警触发_报警信息显示798,Testalarmtrigger-Alarminformationdisplay798
_9EA77E5C,测试报警触发_报警信息显示799,Testalarmtrigger-Alarminformationdisplay799
_262104BD,测试报警触发_报警信息显示800,Testalarmtrigger-Alarminformationdisplay800
_15F4C689,测试报警触发_报警信息显示801,Testalarmtrigger-Alarminformationdisplay801
_D125DF35,测试报警触发_报警信息显示802,Testalarmtrigger-Alarminformationdisplay802
_57EE70B3,测试报警触发_报警信息显示803,Testalarmtrigger-Alarminformationdisplay803
_FFAC3A4E,测试报警触发_报警信息显示804,Testalarmtrigger-Alarminformationdisplay804
_3A90EBD3,测试报警触发_报警信息显示805,Testalarmtrigger-Alarminformationdisplay805
_BC93FBBE,测试报警触发_报警信息显示806,Testalarmtrigger-Alarminformationdisplay806
_B74D0518,测试报警触发_报警信息显示807,Testalarmtrigger-Alarminformationdisplay807
_2DE64DAA,测试报警触发_报警信息显示808,Testalarmtrigger-Alarminformationdisplay808
_AB143BDF,测试报警触发_报警信息显示809,Testalarmtrigger-Alarminformationdisplay809
_D027B6B0,测试报警触发_报警信息显示810,Testalarmtrigger-Alarminformationdisplay810
_7781E4BE,测试报警触发_报警信息显示811,Testalarmtrigger-Alarminformationdisplay811
_ED35EE66,测试报警触发_报警信息显示812,Testalarmtrigger-Alarminformationdisplay812
_503D8237,测试报警触发_报警信息显示813,Testalarmtrigger-Alarminformationdisplay813
_7A0EBE81,测试报警触发_报警信息显示814,Testalarmtrigger-Alarminformationdisplay814
_B57965A3,测试报警触发_报警信息显示815,Testalarmtrigger-Alarminformationdisplay815
_1F0BE8AD,测试报警触发_报警信息显示816,Testalarmtrigger-Alarminformationdisplay816
_D8A022B3,测试报警触发_报警信息显示817,Testalarmtrigger-Alarminformationdisplay817
_AD9A6FCC,测试报警触发_报警信息显示818,Testalarmtrigger-Alarminformationdisplay818
_4E37FBF1,测试报警触发_报警信息显示819,Testalarmtrigger-Alarminformationdisplay819
_F1A1CCBD,测试报警触发_报警信息显示820,Testalarmtrigger-Alarminformationdisplay820
_0367E6AB,测试报警触发_报警信息显示821,Testalarmtrigger-Alarminformationdisplay821
_427B02A3,测试报警触发_报警信息显示822,Testalarmtrigger-Alarminformationdisplay822
_40FA5246,测试报警触发_报警信息显示823,Testalarmtrigger-Alarminformationdisplay823
_1832D986,测试报警触发_报警信息显示824,Testalarmtrigger-Alarminformationdisplay824
_3804176E,测试报警触发_报警信息显示825,Testalarmtrigger-Alarminformationdisplay825
_A794E778,测试报警触发_报警信息显示826,Testalarmtrigger-Alarminformationdisplay826
_752328FA,测试报警触发_报警信息显示827,Testalarmtrigger-Alarminformationdisplay827
_F8A79825,测试报警触发_报警信息显示828,Testalarmtrigger-Alarminformationdisplay828
_27642844,测试报警触发_报警信息显示829,Testalarmtrigger-Alarminformationdisplay829
_6D20E5AB,测试报警触发_报警信息显示830,Testalarmtrigger-Alarminformationdisplay830
_90D2CF0F,测试报警触发_报警信息显示831,Testalarmtrigger-Alarminformationdisplay831
_1F415A79,测试报警触发_报警信息显示832,Testalarmtrigger-Alarminformationdisplay832
_2FEBD2DD,测试报警触发_报警信息显示833,Testalarmtrigger-Alarminformationdisplay833
_1DA443F8,测试报警触发_报警信息显示834,Testalarmtrigger-Alarminformationdisplay834
_2A2B8DB6,测试报警触发_报警信息显示835,Testalarmtrigger-Alarminformationdisplay835
_DBA447D4,测试报警触发_报警信息显示836,Testalarmtrigger-Alarminformationdisplay836
_4721265D,测试报警触发_报警信息显示837,Testalarmtrigger-Alarminformationdisplay837
_8CF0DAD9,测试报警触发_报警信息显示838,Testalarmtrigger-Alarminformationdisplay838
_9D5A9866,测试报警触发_报警信息显示839,Testalarmtrigger-Alarminformationdisplay839
_59990FD7,测试报警触发_报警信息显示840,Testalarmtrigger-Alarminformationdisplay840
_CAD8CDD7,测试报警触发_报警信息显示841,Testalarmtrigger-Alarminformationdisplay841
_3BFAE19A,测试报警触发_报警信息显示842,Testalarmtrigger-Alarminformationdisplay842
_ACCF6283,测试报警触发_报警信息显示843,Testalarmtrigger-Alarminformationdisplay843
_C072DA55,测试报警触发_报警信息显示844,Testalarmtrigger-Alarminformationdisplay844
_79B66FCF,测试报警触发_报警信息显示845,Testalarmtrigger-Alarminformationdisplay845
_D72EDD29,测试报警触发_报警信息显示846,Testalarmtrigger-Alarminformationdisplay846
_EBC912BB,测试报警触发_报警信息显示847,Testalarmtrigger-Alarminformationdisplay847
_A9EA5819,测试报警触发_报警信息显示848,Testalarmtrigger-Alarminformationdisplay848
_29FD6F6C,测试报警触发_报警信息显示849,Testalarmtrigger-Alarminformationdisplay849
_F072DF81,测试报警触发_报警信息显示850,Testalarmtrigger-Alarminformationdisplay850
_A4265B9A,测试报警触发_报警信息显示851,Testalarmtrigger-Alarminformationdisplay851
_44704BA8,测试报警触发_报警信息显示852,Testalarmtrigger-Alarminformationdisplay852
_06EC3032,测试报警触发_报警信息显示853,Testalarmtrigger-Alarminformationdisplay853
_C89C781F,测试报警触发_报警信息显示854,Testalarmtrigger-Alarminformationdisplay854
_2D712EA5,测试报警触发_报警信息显示855,Testalarmtrigger-Alarminformationdisplay855
_3FD33A85,测试报警触发_报警信息显示856,Testalarmtrigger-Alarminformationdisplay856
_5C4A9B43,测试报警触发_报警信息显示857,Testalarmtrigger-Alarminformationdisplay857
_754B302C,测试报警触发_报警信息显示858,Testalarmtrigger-Alarminformationdisplay858
_F6BAE9DD,测试报警触发_报警信息显示859,Testalarmtrigger-Alarminformationdisplay859
_697FE408,测试报警触发_报警信息显示860,Testalarmtrigger-Alarminformationdisplay860
_02D835C1,测试报警触发_报警信息显示861,Testalarmtrigger-Alarminformationdisplay861
_D19E38CD,测试报警触发_报警信息显示862,Testalarmtrigger-Alarminformationdisplay862
_1AF5BEBE,测试报警触发_报警信息显示863,Testalarmtrigger-Alarminformationdisplay863
_3230F108,测试报警触发_报警信息显示864,Testalarmtrigger-Alarminformationdisplay864
_2CAB2970,测试报警触发_报警信息显示865,Testalarmtrigger-Alarminformationdisplay865
_5403995E,测试报警触发_报警信息显示866,Testalarmtrigger-Alarminformationdisplay866
_E5D30E7C,测试报警触发_报警信息显示867,Testalarmtrigger-Alarminformationdisplay867
_CA9F4066,测试报警触发_报警信息显示868,Testalarmtrigger-Alarminformationdisplay868
_601EA435,测试报警触发_报警信息显示869,Testalarmtrigger-Alarminformationdisplay869
_C426AA1E,测试报警触发_报警信息显示870,Testalarmtrigger-Alarminformationdisplay870
_403D7CED,测试报警触发_报警信息显示871,Testalarmtrigger-Alarminformationdisplay871
_A8B6BB40,测试报警触发_报警信息显示872,Testalarmtrigger-Alarminformationdisplay872
_94CBC0CF,测试组11,AlarmGroup11
_3DA530C2,测试报警触发_报警信息显示873,Testalarmtrigger-Alarminformationdisplay873
_C6081812,测试报警触发_报警信息显示874,Testalarmtrigger-Alarminformationdisplay874
_976EF36C,测试报警触发_报警信息显示875,Testalarmtrigger-Alarminformationdisplay875
_4A1F8C58,测试报警触发_报警信息显示876,Testalarmtrigger-Alarminformationdisplay876
_925C81D2,测试报警触发_报警信息显示877,Testalarmtrigger-Alarminformationdisplay877
_9CCA320B,测试报警触发_报警信息显示878,Testalarmtrigger-Alarminformationdisplay878
_ED4157AC,测试报警触发_报警信息显示879,Testalarmtrigger-Alarminformationdisplay879
_35A82533,测试报警触发_报警信息显示880,Testalarmtrigger-Alarminformationdisplay880
_4ABDA88C,测试报警触发_报警信息显示881,Testalarmtrigger-Alarminformationdisplay881
_DCF9F2A5,测试报警触发_报警信息显示882,Testalarmtrigger-Alarminformationdisplay882
_16516177,测试报警触发_报警信息显示883,Testalarmtrigger-Alarminformationdisplay883
_B1563112,测试报警触发_报警信息显示884,Testalarmtrigger-Alarminformationdisplay884
_6249C6A6,测试报警触发_报警信息显示885,Testalarmtrigger-Alarminformationdisplay885
_AC558859,测试报警触发_报警信息显示886,Testalarmtrigger-Alarminformationdisplay886
_49289DB0,测试报警触发_报警信息显示887,Testalarmtrigger-Alarminformationdisplay887
_2EE9AB28,测试报警触发_报警信息显示888,Testalarmtrigger-Alarminformationdisplay888
_75CA3CEB,测试报警触发_报警信息显示889,Testalarmtrigger-Alarminformationdisplay889
_89CFB42F,测试报警触发_报警信息显示890,Testalarmtrigger-Alarminformationdisplay890
_3CFA29E6,测试报警触发_报警信息显示891,Testalarmtrigger-Alarminformationdisplay891
_1A66F599,测试报警触发_报警信息显示892,Testalarmtrigger-Alarminformationdisplay892
_2857EA54,测试报警触发_报警信息显示893,Testalarmtrigger-Alarminformationdisplay893
_21FA5F67,测试报警触发_报警信息显示894,Testalarmtrigger-Alarminformationdisplay894
_91D6A5AE,测试报警触发_报警信息显示895,Testalarmtrigger-Alarminformationdisplay895
_6FE6BDBA,测试报警触发_报警信息显示896,Testalarmtrigger-Alarminformationdisplay896
_F110D7CC,测试报警触发_报警信息显示897,Testalarmtrigger-Alarminformationdisplay897
_AD716E10,测试报警触发_报警信息显示898,Testalarmtrigger-Alarminformationdisplay898
_E21C86F2,测试报警触发_报警信息显示899,Testalarmtrigger-Alarminformationdisplay899
_0C358794,测试报警触发_报警信息显示900,Testalarmtrigger-Alarminformationdisplay900
_712CFC0F,测试报警触发_报警信息显示901,Testalarmtrigger-Alarminformationdisplay901
_CE7E4BF4,测试报警触发_报警信息显示902,Testalarmtrigger-Alarminformationdisplay902
_6FCA0D91,测试报警触发_报警信息显示903,Testalarmtrigger-Alarminformationdisplay903
_58F59840,测试报警触发_报警信息显示904,Testalarmtrigger-Alarminformationdisplay904
_60497A35,测试报警触发_报警信息显示905,Testalarmtrigger-Alarminformationdisplay905
_9FDCF835,测试报警触发_报警信息显示906,Testalarmtrigger-Alarminformationdisplay906
_D34B3466,测试报警触发_报警信息显示907,Testalarmtrigger-Alarminformationdisplay907
_8ED6570A,测试报警触发_报警信息显示908,Testalarmtrigger-Alarminformationdisplay908
_FCA01B97,测试报警触发_报警信息显示909,Testalarmtrigger-Alarminformationdisplay909
_112EBB25,测试报警触发_报警信息显示910,Testalarmtrigger-Alarminformationdisplay910
_BDB17573,测试报警触发_报警信息显示911,Testalarmtrigger-Alarminformationdisplay911
_EA889231,测试报警触发_报警信息显示912,Testalarmtrigger-Alarminformationdisplay912
_1D9C6A03,测试报警触发_报警信息显示913,Testalarmtrigger-Alarminformationdisplay913
_3A05C041,测试报警触发_报警信息显示914,Testalarmtrigger-Alarminformationdisplay914
_D1D85B2E,测试报警触发_报警信息显示915,Testalarmtrigger-Alarminformationdisplay915
_82657393,测试参数_1,Test Parameter_1
_D5C92693,屏蔽参数,Masking parameters
_1793CB1D,测试参数_2,Test Parameter_2
_269667EF,测试参数_3,Test Parameter_3
_AAF0ED04,测试参数_4,Test Parameter_4
_06E1F568,测试参数_5,Test Parameter_5
_65013549,测试参数_6,Test Parameter_6
_AC91FE6A,测试参数_7,Test Parameter_7
_4F655978,测试参数_8,Test Parameter_8
_72E31E18,测试参数_9,Test Parameter_9
_D2E339E7,测试参数_10,Test Parameter_10
_1CC7AC8A,测试参数_11,Test Parameter_11
_C914269D,测试参数_12,Test Parameter_12
_AC746EF3,测试参数_13,Test Parameter_13
_04052FB6,测试参数_14,Test Parameter_14
_756ED100,测试参数_15,Test Parameter_15
_6030FC8F,测试参数_16,Test Parameter_16
_B25F0CAC,测试参数_17,Test Parameter_17
_D55E0A6D,测试参数_18,Test Parameter_18
_A8F9275F,测试参数_19,Test Parameter_19
_91BE2F94,测试参数_20,Test Parameter_20
_D86E93B7,测试参数_21,Test Parameter_21
_67C0865A,测试参数_22,Test Parameter_22
_630E2560,测试参数_23,Test Parameter_23
_A33ECEE4,测试参数_24,Test Parameter_24
_B25C8FBC,测试参数_25,Test Parameter_25
_2C29A115,测试参数_26,Test Parameter_26
_4EE7C212,测试参数_27,Test Parameter_27
_A8CD9AAC,测试参数_28,Test Parameter_28
_632F4DF1,测试参数_29,Test Parameter_29
_B01B9CDC,测试参数_30,Test Parameter_30
_F9981C6F,测试参数_31,Test Parameter_31
_90AB4E1D,测试参数_32,Test Parameter_32
_A77E5E76,工艺参数,Process parameters
_45DABEDC,测试参数_33,Test Parameter_33
_530F75CB,测试参数_34,Test Parameter_34
_BDC6E42F,测试参数_35,Test Parameter_35
_94D8ED4C,测试参数_36,Test Parameter_36
_25360004,测试参数_37,Test Parameter_37
_EEAB0909,测试参数_38,Test Parameter_38
_F2DEE0FC,测试参数_39,Test Parameter_39
_174590CC,测试参数_40,Test Parameter_40
_FB9DCFE7,测试参数_41,Test Parameter_41
_282C1EBE,测试参数_42,Test Parameter_42
_EC087FCE,测试参数_43,Test Parameter_43
_CDF1FA34,测试参数_44,Test Parameter_44
_1E53C0FE,测试参数_45,Test Parameter_45
_6FE4C1E0,测试参数_46,Test Parameter_46
_29FFA0C5,测试参数_47,Test Parameter_47
_81964A46,设置参数,Set the parameters
_196BCE26,测试参数_48,Test Parameter_48
_D53AFE2E,测试参数_49,Test Parameter_49
_E559F2C3,测试参数_50,Test Parameter_50
_531EA008,测试参数_51,Test Parameter_51
_FD3FAA03,测试参数_52,Test Parameter_52
_8CCC80A4,测试参数_53,Test Parameter_53
_8DCECE08,测试参数_54,Test Parameter_54
_309A0FB8,测试参数_55,Test Parameter_55
_D25A9B88,测试参数_56,Test Parameter_56
_117B21AF,测试参数_57,Test Parameter_57
_340DD476,测试参数_58,Test Parameter_58
_3370899F,测试参数_59,Test Parameter_59
_BD5BD7EC,测试参数_60,Test Parameter_60
_8C49884A,测试参数_61,Test Parameter_61
_A23F56A1,测试参数_62,Test Parameter_62
_A32A6692,测试参数_63,Test Parameter_63
_99C846F0,测试参数_64,Test Parameter_64
_AC1A6BC9,测试参数_65,Test Parameter_65
_54EFDB35,测试参数_66,Test Parameter_66
_FD3202B6,测试参数_67,Test Parameter_67
_2C568499,5.5kW,
_B2E6CE40,AC 220V,
_7A48C904,DEV-20230815-001,
_CF94373D,KupaKuper有限公司,
_6AC9203B,kk2342431223123,
_8FB104D9,测试参数_1_提示信息测试,
_98B2F48A,测试参数_2_提示信息测试,
_CB02267E,测试参数_3_提示信息测试,
_B9EA4EA9,测试参数_4_提示信息测试,
_05269B24,测试参数_5_提示信息测试,
_4059C5AE,测试参数_6_提示信息测试,
_0841AF39,测试参数_7_提示信息测试,
_FB0BF683,测试参数_8_提示信息测试,
_11C9FEF8,测试参数_9_提示信息测试,
_56F20026,测试参数_10_提示信息测试,
_8F2A183C,测试参数_11_提示信息测试,
_E66C3587,测试参数_12_提示信息测试,
_1FAD8780,测试参数_13_提示信息测试,
_217FCD91,测试参数_14_提示信息测试,
_37B59A2F,测试参数_15_提示信息测试,
_98E6CB08,测试参数_16_提示信息测试,
_9B7CCABF,测试参数_17_提示信息测试,
_3704ACF9,测试参数_18_提示信息测试,
_929B073A,测试参数_19_提示信息测试,
_D56CF1AA,测试参数_20_提示信息测试,
_2F34716C,测试参数_21_提示信息测试,
_98D0864F,测试参数_22_提示信息测试,
_2920735E,测试参数_23_提示信息测试,
_3FACBA85,测试参数_24_提示信息测试,
_2D7D2E8B,测试参数_25_提示信息测试,
_8936E2C1,测试参数_26_提示信息测试,
_8973EFDC,测试参数_27_提示信息测试,
_88690FD4,测试参数_28_提示信息测试,
_7E02A409,测试参数_29_提示信息测试,
_C40B6960,测试参数_30_提示信息测试,
_51664E9F,测试参数_31_提示信息测试,
_893E4F53,测试参数_32_提示信息测试,
_D624A38F,测试参数_33_提示信息测试,
_7886B74D,测试参数_34_提示信息测试,
_AD54B13D,测试参数_35_提示信息测试,
_623E0A2D,测试参数_36_提示信息测试,
_2FCA6F59,测试参数_37_提示信息测试,
_3513E5FE,测试参数_38_提示信息测试,
_F39F69A5,测试参数_39_提示信息测试,
_848ECC7D,测试参数_40_提示信息测试,
_0E8F3DCC,测试参数_41_提示信息测试,
_7FB09CDC,测试参数_42_提示信息测试,
_112B6528,测试参数_43_提示信息测试,
_7E1F904B,测试参数_44_提示信息测试,
_472232B4,测试参数_45_提示信息测试,
_EEAD4611,测试参数_46_提示信息测试,
_3C9DB943,测试参数_47_提示信息测试,
_36DED171,测试参数_48_提示信息测试,
_55F538FA,测试参数_49_提示信息测试,
_D99B133E,测试参数_50_提示信息测试,
_38011705,测试参数_51_提示信息测试,
_870720DE,测试参数_52_提示信息测试,
_D8F18657,测试参数_53_提示信息测试,
_75791349,测试参数_54_提示信息测试,
_95CBFED1,测试参数_55_提示信息测试,
_D3D13DC6,测试参数_56_提示信息测试,
_AA64933C,测试参数_57_提示信息测试,
_944F991E,测试参数_58_提示信息测试,
_06D2D7B1,测试参数_59_提示信息测试,
_D342AE9B,测试参数_60_提示信息测试,
_741AA582,测试参数_61_提示信息测试,
_8D38C180,测试参数_62_提示信息测试,
_62A87764,测试参数_63_提示信息测试,
_1A5C8A39,测试参数_64_提示信息测试,
_9376B0E5,测试参数_65_提示信息测试,
_307D7F6F,测试参数_66_提示信息测试,
_E5AD58B7,测试参数_67_提示信息测试,
